FILENAME,TOTAL_IDP,NAME
Absidia_glauca_gca_900079185.AG_v1,6563,Absidia_glauca
Absidia_repens_gca_002105175.Absrep1,6003,Absidia_repens
Acaromyces_ingoldii_gca_003144295.Acain1,4279,Acaromyces_ingoldii
Acidomyces_richmondensis_bfw_gca_001592465.Acidomyces_richmondensis_BFW_v1.0,4141,Acidomyces_richmondensis
Acidomyces_richmondensis_gca_001572075.ASM157207v1,3941,Acidomyces_richmondensis
Acremonium_chrysogenum_atcc_11550_gca_000769265.ASM76926v1,4580,Acremonium_chrysogenum
Agaricus_bisporus_var_burnettii_jb137_s8_gca_000300555.Agabi_varbur_1,4172,Agaricus_bisporus
Allomyces_macrogynus_atcc_38327_gca_000151295.A_macrogynus_V3,10025,Allomyces_macrogynus
Alternaria_alternata_gca_001642055.Altal1,5439,Alternaria_alternata
Amanita_muscaria_koide_bx008_gca_000827485.Amanita_muscaria_Koide_BX008_v1.0,5384,Amanita_muscaria
Amanita_thiersii_skay4041_gca_002554575.Amanita_thiersii_v1.0,3836,Amanita_thiersii
Amorphotheca_resinae_atcc_22711_gca_003019875.Amore1,4203,Amorphotheca_resinae
Amphiamblys_sp_wsbs2006_gca_001875675.ASM187567v1,682,Amphiamblys_sp
Anaeromyces_robustus_gca_002104895.Anaeromyces_sp._S4_v1.0,4452,Anaeromyces_robustus
Anncaliia_algerae_pra109_gca_000385855.Annc_alge_PRA109_V4,290,Anncaliia_algerae
Anncaliia_algerae_pra339_gca_000385875.Annc_alge_insect_USDA_JJB_V2,260,Anncaliia_algerae
Anthracocystis_flocculosa_pf_1_gca_000417875.Pflocc_1.0,2972,Anthracocystis_flocculosa
Armillaria_gallica_gca_002307695.Armga1,6392,Armillaria_gallica
Armillaria_ostoyae_gca_900157425.version_2,7086,Armillaria_ostoyae
Armillaria_solidipes_gca_002307675.Armost1,5707,Armillaria_solidipes
Arthrobotrys_oligospora_atcc_24927_gca_000225545.AOL24927_1.0,5398,Arthrobotrys_oligospora
Ascochyta_rabiei_gca_001630375.AscRab1.0,5072,Ascochyta_rabiei
Ascoidea_rubescens_dsm_1968_gca_001661345.Ascru1,2238,Ascoidea_rubescens
Ascosphaera_apis_arsef_7405_gca_001636715.AAP_1.0,3542,Ascosphaera_apis
Ashbya_gossypii.ASM9102v1,1682,Ashbya_gossypii
Aspergillus_aculeatinus_cbs_121060_gca_003184765.Aspacu1,4623,Aspergillus_aculeatinus
Aspergillus_aculeatus_atcc_16872_gca_001890905.Aspac1,4302,Aspergillus_aculeatus
Aspergillus_arachidicola_gca_002749805.ASM274980v1,4434,Aspergillus_arachidicola
Aspergillus_bombycis_gca_001792695.ASM179269v1,4479,Aspergillus_bombycis
Aspergillus_brasiliensis_cbs_101740_gca_001889945.Aspbr1,4718,Aspergillus_brasiliensis
Aspergillus_brunneoviolaceus_cbs_621_78_gca_003184695.Aspbru1,4527,Aspergillus_brunneoviolaceus
Aspergillus_calidoustus_gca_001511075.Acal_Allpaths_LG,5576,Aspergillus_calidoustus
Aspergillus_campestris_ibt_28561_gca_002847485.Aspcam1,4275,Aspergillus_campestris
Aspergillus_candidus_gca_002847045.Aspcand1,4214,Aspergillus_candidus
Aspergillus_carbonarius_item_5010_gca_001990825.Aspca3,4061,Aspergillus_carbonarius
Aspergillus_clavatus.ASM271v1,3909,Aspergillus_clavatus
Aspergillus_cristatus_gca_001717485.ASM171748v1,4685,Aspergillus_cristatus
Aspergillus_ellipticus_cbs_707_79_gca_003184645.Aspell1,4850,Aspergillus_ellipticus
Aspergillus_eucalypticola_cbs_122712_gca_003184535.Aspeuc1,4508,Aspergillus_eucalypticola
Aspergillus_flavus.JCVI-afl1-v2.0,4342,Aspergillus_flavus
Aspergillus_flavus_af70_gca_000952835.ASM95283v1,4573,Aspergillus_flavus
Aspergillus_fumigatus.ASM265v1,3951,Aspergillus_fumigatus
Aspergillus_fumigatus_gca_002234985.ASM223498v1,3912,Aspergillus_fumigatus
Aspergillus_fumigatus_var_rp_2014_gca_000731615.AspFumNiv1.0,3774,Aspergillus_fumigatus
Aspergillus_fumigatus_z5_gca_001029325.ASM102932v1,4020,Aspergillus_fumigatus
Aspergillus_fumigatusa1163.ASM15014v1,4033,Aspergillus_fumigatusa1163
Aspergillus_glaucus_cbs_516_65_gca_001890805.Aspgl1,4400,Aspergillus_glaucus
Aspergillus_heteromorphus_cbs_117_55_gca_003184545.Asphet1,4509,Aspergillus_heteromorphus
Aspergillus_indologenus_cbs_114_80_gca_003184685.Aspind1,4667,Aspergillus_indologenus
Aspergillus_japonicus_cbs_114_51_gca_003184785.Aspjap1,4587,Aspergillus_japonicus
Aspergillus_lacticoffeatus_cbs_101883_gca_003184595.Asplac1,4802,Aspergillus_lacticoffeatus
Aspergillus_lentulus_gca_001445615.Alt_assembly01,4084,Aspergillus_lentulus
Aspergillus_luchuensis_cbs_106_47_gca_001890685.Aspfo1,4869,Aspergillus_luchuensis
Aspergillus_luchuensis_gca_001602395.AspL_2604,4847,Aspergillus_luchuensis
Aspergillus_neoniger_cbs_115656_gca_003184625.Aspneo1,4473,Aspergillus_neoniger
Aspergillus_nidulans.ASM1142v1,4223,Aspergillus_nidulans
Aspergillus_nidulans_fgsc_a4_gca_000149205.ASM14920v2,4091,Aspergillus_nidulans
Aspergillus_niger.ASM285v2,5128,Aspergillus_niger
Aspergillus_niger_atcc_1015_gca_000230395.ASPNI_v3.0,3900,Aspergillus_niger
Aspergillus_niger_gca_001515345.ASM151534v1,4303,Aspergillus_niger
Aspergillus_niger_gca_900248155.Aniger_ATCC_64974_N402,4375,Aspergillus_niger
Aspergillus_nomius_nrrl_13137_gca_001204775.ASM120477v1,4407,Aspergillus_nomius
Aspergillus_novofumigatus_ibt_16806_gca_002847465.Aspnov1,4234,Aspergillus_novofumigatus
Aspergillus_ochraceoroseus_gca_000986665.ASM98666v1,3609,Aspergillus_ochraceoroseus
Aspergillus_ochraceoroseus_ibt_24754_gca_002846915.Aspergillus_ochraceoroseus_IBT_24754_v1.1,3761,Aspergillus_ochraceoroseus
Aspergillus_oryzae.ASM18445v3,3953,Aspergillus_oryzae
Aspergillus_oryzae_100_8_gca_000691885.Aspergillus_oryzae_100-8,3836,Aspergillus_oryzae
Aspergillus_oryzae_3_042_gca_000269785.AspOry3042,3904,Aspergillus_oryzae
Aspergillus_oryzae_gca_002007945.ASM200794v1,4359,Aspergillus_oryzae
Aspergillus_parasiticus_su_1_gca_000956085.ASM95608v1,3248,Aspergillus_parasiticus
Aspergillus_piperis_cbs_112811_gca_003184755.Asppip1,4506,Aspergillus_piperis
Aspergillus_rambellii_gca_000986645.ASM98664v1,3633,Aspergillus_rambellii
Aspergillus_ruber_cbs_135680_gca_000600275.Eurhe1,4110,Aspergillus_ruber
Aspergillus_saccharolyticus_jop_1030_1_gca_003184585.Aspsac1,4103,Aspergillus_saccharolyticus
Aspergillus_sclerotiicarbonarius_cbs_121057_gca_003184635.Aspscle1,4626,Aspergillus_sclerotiicarbonarius
Aspergillus_sclerotioniger_cbs_115572_gca_003184525.Aspscl1,4460,Aspergillus_sclerotioniger
Aspergillus_steynii_ibt_23096_gca_002849105.Aspste1,4809,Aspergillus_steynii
Aspergillus_sydowii_cbs_593_65_gca_001890705.Aspsy1,4922,Aspergillus_sydowii
Aspergillus_taichungensis_gca_002850765.Asptaic1,4207,Aspergillus_taichungensis
Aspergillus_terreus.ASM14961v1,4218,Aspergillus_terreus
Aspergillus_thermomutatus_gca_002237265.ASM223726v1,4292,Aspergillus_thermomutatus
Aspergillus_tubingensis_cbs_134_48_gca_001890745.Asptu1,4578,Aspergillus_tubingensis
Aspergillus_turcosus_gca_002234965.ASM223496v1,4127,Aspergillus_turcosus
Aspergillus_turcosus_gca_002234975.ASM223497v1,4089,Aspergillus_turcosus
Aspergillus_udagawae_gca_001078395.Aud_assembly01,4111,Aspergillus_udagawae
Aspergillus_ustus_gca_000812125.Austus1.0,169,Aspergillus_ustus
Aspergillus_uvarum_cbs_121591_gca_003184745.Aspuva1,4537,Aspergillus_uvarum
Aspergillus_vadensis_cbs_113365_gca_003184925.Aspvad1,4514,Aspergillus_vadensis
Aspergillus_versicolor_cbs_583_65_gca_001890125.Aspve1,4780,Aspergillus_versicolor
Aspergillus_violaceofuscus_cbs_115571_gca_003184705.Aspvio1,4636,Aspergillus_violaceofuscus
Aspergillus_wentii_dto_134e9_gca_001890725.Aspwe1,4446,Aspergillus_wentii
Aureobasidium_melanogenum_cbs_110374_gca_000721775.Aureobasidium_pullulans_var._melanogenum_CBS_110374_v1.0,4242,Aureobasidium_melanogenum
Aureobasidium_namibiae_cbs_147_97_gca_000721765.Aureobasidium_pullulans_var._namibiae_CBS_147.97_v1.0,4147,Aureobasidium_namibiae
Aureobasidium_pullulans_exf_150_gca_000721785.Aureobasidium_pullulans_var._pullulans_EXF-150_assembly_version_1.0,4750,Aureobasidium_pullulans
Aureobasidium_pullulans_gca_001678115.ASM167811v1,2964,Aureobasidium_pullulans
Aureobasidium_subglaciale_exf_2481_gca_000721755.Aureobasidium_pullulans_var._subglaciale_EXF-2481_v1.0,4385,Aureobasidium_subglaciale
Babjeviella_inositovora_nrrl_y_12698_gca_001661335.Babin1,1620,Babjeviella_inositovora
Basidiobolus_meristosporus_cbs_931_73_gca_002104905.Basme2finSC,4320,Basidiobolus_meristosporus
Batrachochytrium_dendrobatidis_jam81_gca_000203795.v1.0,2832,Batrachochytrium_dendrobatidis
Batrachochytrium_dendrobatidis_jel423_gca_000149865.BD_JEL423,55,Batrachochytrium_dendrobatidis
Batrachochytrium_salamandrivorans_gca_002006685.Batr_sala_BS_V1,5410,Batrachochytrium_salamandrivorans
Baudoinia_panamericana_uamh_10762_gca_000338955.Bauco1,4194,Baudoinia_panamericana
Beauveria_bassiana.ASM168263v1,4540,Beauveria_bassiana
Beauveria_bassiana_arsef_2860_gca_000280675.ASM28067v1,4587,Beauveria_bassiana
Beauveria_bassiana_d1_5_gca_000770705.BBA1.0,4725,Beauveria_bassiana
Beauveria_bassiana_gca_002871155.ASM287115v1,4525,Beauveria_bassiana
Bifiguratus_adelaidae_gca_002261195.ASM226119v1,2443,Bifiguratus_adelaidae
Bipolaris_maydis_atcc_48331_gca_000354255.CocheC4_1,5045,Bipolaris_maydis
Bipolaris_maydis_c5_gca_000338975.CocheC5_3,5200,Bipolaris_maydis
Bipolaris_oryzae_atcc_44560_gca_000523455.Cochliobolus_miyabeanus_v1.0,4979,Bipolaris_oryzae
Bipolaris_sorokiniana_nd90pr_gca_000338995.Cocsa1,4972,Bipolaris_sorokiniana
Bipolaris_victoriae_fi3_gca_000527765.Cochliobolus_victoriae_v1.0,5158,Bipolaris_victoriae
Bipolaris_zeicola_26_r_13_gca_000523435.Cochliobolus_carbonum_v1.0,5167,Bipolaris_zeicola
Blastomyces_dermatitidis_atcc_18188_gca_000151595.BD_ATCC18188_V1,5145,Blastomyces_dermatitidis
Blastomyces_dermatitidis_atcc_26199_gca_000166155.BD_ATCC26199_V2,5508,Blastomyces_dermatitidis
Blastomyces_dermatitidis_er_3_gca_000003525.BD_ER3_V1,5442,Blastomyces_dermatitidis
Blastomyces_gilchristii_slh14081_gca_000003855.BD_SLH14081_V1,5264,Blastomyces_gilchristii
Blastomyces_percursus_gca_001883805.Blas_perc_EI222_V1,5029,Blastomyces_percursus
Blumeria_graminis.EF2,2764,Blumeria_graminis
Blumeria_graminis_f_sp_tritici_96224_gca_000418435.Bgt_454_newbler_assembly,1577,Blumeria_graminis
Botryobasidium_botryosum_fd_172_ss1_gca_000697705.Botbo1,5706,Botryobasidium_botryosum
Botrytis_cinerea.ASM83294v1,6169,Botrytis_cinerea
Botrytis_cinerea_bcdw1_gca_000349525.BcDW1,5087,Botrytis_cinerea
Botrytis_cinerea_t4_gca_000227075.BotFuc_Mar2011,5597,Botrytis_cinerea
Brettanomyces_bruxellensis_awri1499_gca_000259595.AWRI1499_v1.0,1772,Brettanomyces_bruxellensis
Byssochlamys_spectabilis_no_5_gca_000497085.PVAR5_assembly01,4051,Byssochlamys_spectabilis
Cadophora_sp_dse1049_gca_003073865.Cadsp1,7274,Cadophora_sp
Calocera_cornea_hhb12733_gca_001632435.Calco1,5293,Calocera_cornea
Calocera_viscosa_tufc12733_gca_001630345.Calvi1,4738,Calocera_viscosa
Candida_albicans_12c_gca_000773845.Cand_albi_12C_V2,2420,Candida_albicans
Candida_albicans_19f_gca_000775445.Cand_albi_19F_V2,2420,Candida_albicans
Candida_albicans_ca6_gca_000784695.Cand_albi_Ca6_V2,2455,Candida_albicans
Candida_albicans_gc75_gca_000773735.Cand_albi_GC75_V1,2446,Candida_albicans
Candida_albicans_l26_gca_000775455.Cand_albi_L26_V2,2436,Candida_albicans
Candida_albicans_p34048_gca_000775465.Cand_albi_P34048_V1,2419,Candida_albicans
Candida_albicans_p37005_gca_000773745.Cand_albi_P37005_V2,2404,Candida_albicans
Candida_albicans_p37037_gca_000773825.Cand_albi_P37037_V1,2420,Candida_albicans
Candida_albicans_p37039_gca_000784515.Cand_albi_P37039_V1,2408,Candida_albicans
Candida_albicans_p57055_gca_000775505.Cand_albi_P57055_V1,2418,Candida_albicans
Candida_albicans_p57072_gca_000773805.Cand_albi_P57072_V1,2419,Candida_albicans
Candida_albicans_p60002_gca_000784525.Cand_albi_P60002_V1,2415,Candida_albicans
Candida_albicans_p75010_gca_000784575.Cand_albi_P75010_V1,2410,Candida_albicans
Candida_albicans_p75016_gca_000784595.Cand_albi_P75016_V1,2412,Candida_albicans
Candida_albicans_p75063_gca_000775525.Cand_albi_P75063_V1,2407,Candida_albicans
Candida_albicans_p76055_gca_000784505.Cand_albi_P76055_V1,2406,Candida_albicans
Candida_albicans_p76067_gca_000784495.Cand_albi_P76067_V1,2407,Candida_albicans
Candida_albicans_p78042_gca_000784615.Cand_albi_P78042_V1,2433,Candida_albicans
Candida_albicans_p78048_gca_000773725.Cand_albi_P78048_V1,2413,Candida_albicans
Candida_albicans_p87_gca_000774085.Cand_albi_P87_V2,2412,Candida_albicans
Candida_albicans_p94015_gca_000773755.Cand_albi_P94015_V1,2413,Candida_albicans
Candida_albicans_sc5314_gca_000784635.Cand_albi_SC5314_V4,2466,Candida_albicans
Candida_albicans_sc5314_gca_000784655.Cand_albi_SC5314_V3,2456,Candida_albicans
Candida_albicans_wo_1_gca_000149445.ASM14944v2,2234,Candida_albicans
Candida_dubliniensis_cd36_gca_000026945.ASM2694v1,2367,Candida_dubliniensis
Candida_maltosa_xu316_gca_000344705.Cmaltosa_v01,2325,Candida_maltosa
Candida_orthopsilosis_co_90_125_gca_000315875.ASM31587v1,2302,Candida_orthopsilosis
Candida_parapsilosis_gca_000182765.ASM18276v2,2408,Candida_parapsilosis
Candida_tropicalis_mya_3404_gca_000006335.ASM633v3,2397,Candida_tropicalis
Capronia_coronata_cbs_617_96_gca_000585585.Capr_coro_CBS_617_96_V1,4615,Capronia_coronata
Capronia_epimyces_cbs_606_96_gca_000585565.Capr_epim_CBS_606_96_V1,4938,Capronia_epimyces
Catenaria_anguillulae_pl171_gca_002102555.Catan2,5277,Catenaria_anguillulae
Ceraceosorus_bombacis_gca_900000165.Ceraceosorus_bombacis,4395,Ceraceosorus_bombacis
Ceraceosorus_guamensis_gca_003144195.Cersp1,4319,Ceraceosorus_guamensis
Ceratocystis_platani_gca_000978885.ASM97888v1,2782,Ceratocystis_platani
Cercospora_berteroae_gca_002933655.Cbert_1,5586,Cercospora_berteroae
Cercospora_beticola_gca_002742065.CB0940_V2,5813,Cercospora_beticola
Cercospora_zeina_gca_002844615.ASM284461v1,5053,Cercospora_zeina
Chaetomium_globosum_cbs_148_51_gca_000143365.ASM14336v1,5989,Chaetomium_globosum
Chaetomium_thermophilum_var_thermophilum_dsm_1495_gca_000221225.CTHT_3.0,4043,Chaetomium_thermophilum
Choanephora_cucurbitarum_gca_001683725.ASM168372v1,3974,Choanephora_cucurbitarum
Cladophialophora_bantiana_cbs_173_52_gca_000835475.Clad_bant_CBS_173_52_V1,5267,Cladophialophora_bantiana
Cladophialophora_carrionii_cbs_160_54_gca_000365165.Clad_carr_CBS_160_54_V1,5013,Cladophialophora_carrionii
Cladophialophora_carrionii_gca_001700775.ASM170077v1,5485,Cladophialophora_carrionii
Cladophialophora_immunda_gca_000835495.Clad_immu_CBS83496_V1,6381,Cladophialophora_immunda
Cladophialophora_psammophila_cbs_110553_gca_000585535.Clad_psam_CBS_110553_V1,5170,Cladophialophora_psammophila
Cladophialophora_yegresii_cbs_114405_gca_000585515.Clad_yegr_CBS_114405_V1,4825,Cladophialophora_yegresii
Claviceps_purpurea_20_1_gca_000347355.ASM34735v1,4239,Claviceps_purpurea
Clavispora_lusitaniae_atcc_42720_gca_000003835.ASM383v1,2172,Clavispora_lusitaniae
Clavispora_lusitaniae_gca_001673695.ASM167369v2,2104,Clavispora_lusitaniae
Clohesyomyces_aquaticus_gca_002105025.Cloaq1,6028,Clohesyomyces_aquaticus
Coccidioides_immitis_h538_4_gca_000149815.ASM14981v1,4188,Coccidioides_immitis
Coccidioides_immitis_rmscc_2394_gca_000149895.ASM14989v1,4340,Coccidioides_immitis
Coccidioides_immitis_rmscc_3703_gca_000150085.ASM15008v1,4135,Coccidioides_immitis
Coccidioides_immitis_rs_gca_000149335.ASM14933v2,4279,Coccidioides_immitis
Coccidioides_posadasii_c735_delta_sowgp_gca_000151335.JCVI-cpa1-1.0,3599,Coccidioides_posadasii
Coccidioides_posadasii_rmscc_3488_gca_000150055.ASM15005v1,4201,Coccidioides_posadasii
Coccidioides_posadasii_str_silveira_gca_000170175.CPS2,4251,Coccidioides_posadasii
Colletotrichum_chlorophyti_gca_001937105.ASM193710v1,4413,Colletotrichum_chlorophyti
Colletotrichum_fioriniae_pj7_gca_000582985.CFIO01,5937,Colletotrichum_fioriniae
Colletotrichum_gloeosporioides.GCA_000319635.1,5752,Colletotrichum_gloeosporioides
Colletotrichum_gloeosporioides_cg_14_gca_000446055.Colletotrichum_gloeosporioides1,5540,Colletotrichum_gloeosporioides
Colletotrichum_graminicola.C_graminicola_M1_001_V1,5131,Colletotrichum_graminicola
Colletotrichum_higginsianum.GCA_000313795.2,5899,Colletotrichum_higginsianum
Colletotrichum_higginsianum_imi_349063_gca_001672515.ASM167251v1,6254,Colletotrichum_higginsianum
Colletotrichum_incanum_gca_001625285.Ci238704v1,5403,Colletotrichum_incanum
Colletotrichum_incanum_gca_001855235.ASM185523v1,4773,Colletotrichum_incanum
Colletotrichum_nymphaeae_sa_01_gca_001563115.CNYM01,6115,Colletotrichum_nymphaeae
Colletotrichum_orbiculare.GCA_000350065.1,5609,Colletotrichum_orbiculare
Colletotrichum_orchidophilum_gca_001831195.CORC01,5966,Colletotrichum_orchidophilum
Colletotrichum_salicis_gca_001563125.CSAL01,5910,Colletotrichum_salicis
Colletotrichum_simmondsii_gca_001563135.CSIM01,5974,Colletotrichum_simmondsii
Colletotrichum_sublineola_gca_000696135.ASM69613v1,5799,Colletotrichum_sublineola
Colletotrichum_tofieldiae_gca_001625265.Ct0861v1,5406,Colletotrichum_tofieldiae
Conidiobolus_coronatus_nrrl_28638_gca_001566745.Conidiobolus_coronatus_NRRL28638,2120,Conidiobolus_coronatus
Coniella_lustricola_gca_003019895.Coniella_lustricola_v1.0,4856,Coniella_lustricola
Coniochaeta_ligniaria_nrrl_30616_gca_001879275.Conlig_v1.0,5733,Coniochaeta_ligniaria
Coniophora_puteana_rwd_64_598_ss2_gca_000271625.Conpu1,356,Coniophora_puteana
Coniosporium_apollinis_cbs_100218_gca_000281105.Coni_apol_CBS100218__V1,4459,Coniosporium_apollinis
Coprinopsis_cinerea_okayama7_130_gca_000182895.CC3,6041,Coprinopsis_cinerea
Cordyceps_brongniartii_rcef_3172_gca_001636735.BBO_1.0,4357,Cordyceps_brongniartii
Cordyceps_confragosa_gca_001653215.ASM165321v1,3568,Cordyceps_confragosa
Cordyceps_confragosa_rcef_1005_gca_001636795.LEL_1.0,4664,Cordyceps_confragosa
Cordyceps_fumosorosea_arsef_2679_gca_001636725.ISF_1.0,4622,Cordyceps_fumosorosea
Cordyceps_militaris_cm01_gca_000225605.CmilitarisCM01_v01,4269,Cordyceps_militaris
Cordyceps_sp_rao_2017_gca_002591385.Hirsu2,5489,Cordyceps_sp
Corynespora_cassiicola_philippines_gca_003016335.Corynespora_cassiicola_v1.0,6433,Corynespora_cassiicola
Cryptococcus_amylolentus_cbs_6039_gca_001720205.Cryp_amyl_CBS6039_V3,5398,Cryptococcus_amylolentus
Cryptococcus_amylolentus_cbs_6273_gca_001720235.Cryp_amyl_CBS6273_V2,4376,Cryptococcus_amylolentus
Cryptococcus_depauperatus_cbs_7841_gca_001720195.Filo_depa_CBS7841_V1,3215,Cryptococcus_depauperatus
Cryptococcus_depauperatus_cbs_7855_gca_001720245.Filo_depa_CBS7855_V2,3192,Cryptococcus_depauperatus
Cryptococcus_gattii_ca1280_gca_000836335.Cryp_gatt_CA1280_V1,3336,Cryptococcus_gattii
Cryptococcus_gattii_ca1873_gca_000855695.Cryp_gatt_CA1873_V1,3344,Cryptococcus_gattii
Cryptococcus_gattii_e566_gca_000875815.Cryp_gatt_E566_V1,3420,Cryptococcus_gattii
Cryptococcus_gattii_ejb2_gca_000835745.Cryp_gatt_EJB2_V1,3412,Cryptococcus_gattii
Cryptococcus_gattii_nt_10_gca_000935105.Cryp_gatt_NT-10_V1,3430,Cryptococcus_gattii
Cryptococcus_gattii_ru294_gca_000836355.Cryp_gatt_Ru294_V1,3417,Cryptococcus_gattii
Cryptococcus_gattii_vgii_2001_935_1_gca_000835815.Cryp_gatt_2001_935-1_V1,3330,Cryptococcus_gattii
Cryptococcus_gattii_vgii_99_473_gca_000836455.Cryp_gatt_99_473_V1,3319,Cryptococcus_gattii
Cryptococcus_gattii_vgii_ca1014_gca_000875795.Cryp_gatt_CA1014_V1,3339,Cryptococcus_gattii
Cryptococcus_gattii_vgii_cbs_10090_gca_000835765.Cryp_gatt_CBS10090_V1,3326,Cryptococcus_gattii
Cryptococcus_gattii_vgii_la55_gca_000836315.Cryp_gatt_LA55_V1,3326,Cryptococcus_gattii
Cryptococcus_gattii_vgii_mmrl2647_gca_000875855.Cryp_gatt_MMRL2647_V2,3312,Cryptococcus_gattii
Cryptococcus_gattii_vgii_r265_gca_000149475.CNB2,3315,Cryptococcus_gattii
Cryptococcus_gattii_vgii_ram5_gca_000836375.Cryp_gatt_Ram5_V1,3309,Cryptococcus_gattii
Cryptococcus_gattii_vgiv_ind107_gca_000835755.Cryp_gatt_IND107_V2,3334,Cryptococcus_gattii
Cryptococcus_gattii_wm276_gca_000185945.ASM18594v1,3376,Cryptococcus_gattii
Cryptococcus_neoformans.ASM9104v1,3640,Cryptococcus_neoformans
Cryptococcus_neoformans_var_grubii_125_91_gca_002215885.Cryp_neof_125_91_V1,3592,Cryptococcus_neoformans
Cryptococcus_neoformans_var_grubii_a1_35_8_gca_002221985.Cryp_neof_grubii_A1-35-8_V1,3632,Cryptococcus_neoformans
Cryptococcus_neoformans_var_grubii_a2_102_5_gca_002222375.Cryp_neof_A2_102_5_V1,3574,Cryptococcus_neoformans
Cryptococcus_neoformans_var_grubii_a5_35_17_gca_002222215.Cryp_neof_grubii_A5-35-17_V1,3649,Cryptococcus_neoformans
Cryptococcus_neoformans_var_grubii_ad1_7a_gca_002220445.Cryp_neof_AD1_7a_V1,3542,Cryptococcus_neoformans
Cryptococcus_neoformans_var_grubii_ad1_83a_gca_002215765.Cryp_neof_AD1_83a_V1,3569,Cryptococcus_neoformans
Cryptococcus_neoformans_var_grubii_ad2_60a_gca_002215775.Cryp_neof_AD2_60a_V1,3555,Cryptococcus_neoformans
Cryptococcus_neoformans_var_grubii_br795_gca_002222225.Cryp_neof_Br795_V1,3581,Cryptococcus_neoformans
Cryptococcus_neoformans_var_grubii_bt120_gca_002222465.Cryp_neof_Bt120_V1,3567,Cryptococcus_neoformans
Cryptococcus_neoformans_var_grubii_bt15_gca_002222335.Cryp_neof_Bt15_V1,3577,Cryptococcus_neoformans
Cryptococcus_neoformans_var_grubii_bt1_gca_002215705.Cryp_neof_Bt1_V1,3563,Cryptococcus_neoformans
Cryptococcus_neoformans_var_grubii_bt63_gca_002234625.Cryp_neof_Bt63_V1,3566,Cryptococcus_neoformans
Cryptococcus_neoformans_var_grubii_bt85_gca_002215835.Cryp_neof_Bt85_V1,3565,Cryptococcus_neoformans
Cryptococcus_neoformans_var_grubii_c23_gca_002215825.Cryp_neof_C23_V1,3585,Cryptococcus_neoformans
Cryptococcus_neoformans_var_grubii_c45_gca_002215855.Cryp_neof_C45_V1,3542,Cryptococcus_neoformans
Cryptococcus_neoformans_var_grubii_c8_gca_002222405.Cryp_neof_C8_V1,3588,Cryptococcus_neoformans
Cryptococcus_neoformans_var_grubii_chc193_gca_002222295.Cryp_neof_CHC193_V1,3569,Cryptococcus_neoformans
Cryptococcus_neoformans_var_grubii_d17_1_gca_002222255.Cryp_neof_D17_1_V1,3550,Cryptococcus_neoformans
Cryptococcus_neoformans_var_grubii_gb118_gca_002224005.Cryp_neof_Gb118_V1,3593,Cryptococcus_neoformans
Cryptococcus_neoformans_var_grubii_gca_002215755.Cneo_seroA_V2,3596,Cryptococcus_neoformans
Cryptococcus_neoformans_var_grubii_gca_002216725.ASM221672v1,4033,Cryptococcus_neoformans
Cryptococcus_neoformans_var_grubii_gca_002217545.Cryp_neof_grubii_cng10_V1,3519,Cryptococcus_neoformans
Cryptococcus_neoformans_var_grubii_gca_002220045.Cneo_seroA_WM1408,3577,Cryptococcus_neoformans
Cryptococcus_neoformans_var_grubii_gca_002222015.Cryp_neof_grubii_cng8_V1,3577,Cryptococcus_neoformans
Cryptococcus_neoformans_var_grubii_gca_002222025.Cryp_neof_grubii_cng4_V1,3587,Cryptococcus_neoformans
Cryptococcus_neoformans_var_grubii_gca_002222095.Cryp_neof_grubii_cng7_V1,3610,Cryptococcus_neoformans
Cryptococcus_neoformans_var_grubii_gca_002222115.Cryp_neof_grubii_cng5_V1,3580,Cryptococcus_neoformans
Cryptococcus_neoformans_var_grubii_gca_002222135.Cryp_neof_grubii_cng1_V1,3576,Cryptococcus_neoformans
Cryptococcus_neoformans_var_grubii_gca_002222145.Cryp_neof_grubii_cng6_V1,3595,Cryptococcus_neoformans
Cryptococcus_neoformans_var_grubii_gca_002222155.Cryp_neof_grubii_cng11_V1,3558,Cryptococcus_neoformans
Cryptococcus_neoformans_var_grubii_gca_002222165.Cryp_neof_grubii_cng3_V1,3581,Cryptococcus_neoformans
Cryptococcus_neoformans_var_grubii_gca_002222245.Cryp_neof_grubii_cng2_V1,3587,Cryptococcus_neoformans
Cryptococcus_neoformans_var_grubii_h99_gca_000149245.CNA3,4036,Cryptococcus_neoformans
Cryptococcus_neoformans_var_grubii_mw_rsa1955_gca_002222455.Cryp_neof_MW_RSA1955_V1,3570,Cryptococcus_neoformans
Cryptococcus_neoformans_var_grubii_mw_rsa36_gca_002222395.Cryp_neof_MW_RSA36_V1,3585,Cryptococcus_neoformans
Cryptococcus_neoformans_var_grubii_mw_rsa852_gca_002220035.Cryp_neof_MW_RSA852_V1,3548,Cryptococcus_neoformans
Cryptococcus_neoformans_var_grubii_th84_gca_002222315.Cryp_neof_Th84_V1,3602,Cryptococcus_neoformans
Cryptococcus_neoformans_var_grubii_tu259_1_gca_002222325.Cryp_neof_Tu259_1_V1,3579,Cryptococcus_neoformans
Cryptococcus_neoformans_var_grubii_tu401_1_gca_002222475.Cryp_neof_Tu401_1_V1,3545,Cryptococcus_neoformans
Cryptococcus_neoformans_var_grubii_ze90_1_gca_002222385.Cryp_neof_Ze90_1_V1,3556,Cryptococcus_neoformans
Cryptococcus_neoformans_var_neoformans_b_3501a_gca_000149385.ASM14938v1,3492,Cryptococcus_neoformans
Cutaneotrichosporon_oleaginosum_gca_001027345.Triol1,3997,Cutaneotrichosporon_oleaginosum
Cyberlindnera_fabianii_gca_001983305.ASM198330v1,2060,Cyberlindnera_fabianii
Cyberlindnera_fabianii_gca_003205855.ASM320585v1,2176,Cyberlindnera_fabianii
Cyberlindnera_jadinii_gca_001245095.cj1,1725,Cyberlindnera_jadinii
Cyberlindnera_jadinii_nrrl_y_1542_gca_001661405.Cybja1,1833,Cyberlindnera_jadinii
Cylindrobasidium_torrendii_fp15055_ss_10_gca_000934385.Cylto1,5189,Cylindrobasidium_torrendii
Cyphellophora_europaea_cbs_101466_gca_000365145.Phia_euro_CBS_101466_V1,5128,Cyphellophora_europaea
Dacryopinax_primogenitus_gca_000292625.Dacryopinax_sp._DJM_731_SSP1_v1.0,3778,Dacryopinax_primogenitus
Dactylellina_haptotyla_cbs_200_50_gca_000441935.MHA_v2,5122,Dactylellina_haptotyla
Daedalea_quercina_l_15889_gca_001632345.Daequ1,4693,Daedalea_quercina
Daldinia_sp_ec12_gca_002120325.DalEC12_v.1.0,4601,Daldinia_sp
Debaryomyces_fabryi_gca_001447935.debFab1.0,2100,Debaryomyces_fabryi
Debaryomyces_hansenii_cbs767_gca_000006445.ASM644v2,2251,Debaryomyces_hansenii
Diaporthe_ampelina_gca_001006365.UCDDA912v1.0,4328,Diaporthe_ampelina
Diaporthe_helianthi_gca_001702395.DHEL01v2,6033,Diaporthe_helianthi
Dichomitus_squalens_lyad_421_ss1_gca_000275845.Dichomitus_squalens_v1.0,2529,Dichomitus_squalens
Diplocarpon_rosae_gca_002317995.ASM231799v1,6684,Diplocarpon_rosae
Diplodia_corticola_gca_001883845.ASM188384v1,5800,Diplodia_corticola
Diplodia_seriata_gca_001006355.UCDDS831v0.1,4004,Diplodia_seriata
Diplodia_seriata_gca_001975905.Dipser_v1,3697,Diplodia_seriata
Dothistroma_septosporum.GCA_000340195.1,4970,Dothistroma_septosporum
Drechmeria_coniospora_gca_001625195.ASM162519v1,4527,Drechmeria_coniospora
Drechslerella_stenobrocha_248_gca_000525045.DREv1,2950,Drechslerella_stenobrocha
Edhazardia_aedis_usnm_41457_gca_000230595.Edha_aedis_V4b,703,Edhazardia_aedis
Elaphomyces_granulatus_gca_002240705.PX439,3230,Elaphomyces_granulatus
Elsinoe_australis_gca_003013795.ASM301379v1,4575,Elsinoe_australis
Emergomyces_pasteuriana_ep9510_gca_001883825.Emmo_past_UAMH9510_V1,4436,Emergomyces_pasteuriana
Emmonsia_crescens_gca_002572855.Emmon_cres_4076_V1,4388,Emmonsia_crescens
Emmonsia_crescens_uamh_3008_gca_001008285.ASM100828v1,4375,Emmonsia_crescens
Emmonsia_parva_gca_002572885.Emmon_parv_130,4337,Emmonsia_parva
Emmonsia_parva_uamh_139_gca_001014755.ASM101475v1,3993,Emmonsia_parva
Emmonsia_sp_cac_2015a_gca_001660665.Emmo_afri_EA111,4314,Emmonsia_sp
Encephalitozoon_cuniculi_ecuniii_l_gca_001078035.ECIIIL,207,Encephalitozoon_cuniculi
Encephalitozoon_hellem_atcc_50504_gca_000277815.ASM27781v3,187,Encephalitozoon_hellem
Encephalitozoon_intestinalis_atcc_50506_gca_000146465.ASM14646v1,193,Encephalitozoon_intestinalis
Encephalitozoon_romaleae_sj_2008_gca_000280035.ASM28003v2,171,Encephalitozoon_romaleae
Endocarpon_pusillum_z07020_gca_000464535.EPUS,4895,Endocarpon_pusillum
Enterocytozoon_bieneusi_h348_gca_000209485.ASM20948v1,207,Enterocytozoon_bieneusi
Enterocytozoon_hepatopenaei_gca_002081675.ASM208167v1,313,Enterocytozoon_hepatopenaei
Enterospora_canceri_gca_002087915.ASM208791v1,300,Enterospora_canceri
Epicoccum_nigrum_gca_002116315.ASM211631v1,5236,Epicoccum_nigrum
Eremothecium_cymbalariae_dbvpg_7215_gca_000235365.ASM23536v1,1486,Eremothecium_cymbalariae
Eremothecium_gossypii_fdag1_gca_000968835.ASM96883v1,1681,Eremothecium_gossypii
Erysiphe_necator_gca_000798715.ASM79871v1,2579,Erysiphe_necator
Erysiphe_pulchra_gca_002918395.ASM291839v1,2815,Erysiphe_pulchra
Escovopsis_weberi_gca_001278495.ASM127849v1,3451,Escovopsis_weberi
Eutypa_lata_ucrel1_gca_000349385.UCREL1V03,4543,Eutypa_lata
Exidia_glandulosa_hhb12029_gca_001632375.Exigl1,8661,Exidia_glandulosa
Exophiala_aquamarina_cbs_119918_gca_000709125.Exop_aqua_CBS_119918_V1,4829,Exophiala_aquamarina
Exophiala_dermatitidis_nih_ut8656_gca_000230625.Exop_derm_V1,5004,Exophiala_dermatitidis
Exophiala_mesophila_gca_000836275.Exop_meso_CBS40295_V1,5246,Exophiala_mesophila
Exophiala_oligosperma_gca_000835515.Exop_olig_CBS72588_V1,6098,Exophiala_oligosperma
Exophiala_sideris_gca_000835395.Exop_side_CBS121828_V1,5245,Exophiala_sideris
Exophiala_spinifera_gca_000836115.Exop_spin_CBS89968_V1,5259,Exophiala_spinifera
Exophiala_xenobiotica_gca_000835505.Exop_xeno_CBS118157_V1,5948,Exophiala_xenobiotica
Exserohilum_turcica_et28a_gca_000359705.Setospaeria_trucica_Et28A_v1.0,5148,Exserohilum_turcica
Fibroporia_radiculosa_gca_000313525.ASM31352v1,3798,Fibroporia_radiculosa
Fibularhizoctonia_sp_cbs_109695_gca_001630335.Fibsp1,9696,Fibularhizoctonia_sp
Fistulina_hepatica_atcc_64428_gca_000934395.Fishe1,3033,Fistulina_hepatica
Fomitiporia_mediterranea_mf3_22_gca_000271605.Fomme1,160,Fomitiporia_mediterranea
Fomitopsis_pinicola_fp_58527_ss1_gca_000344655.Fompi3,5266,Fomitopsis_pinicola
Fonsecaea_erecta_gca_001651985.ASM165198v1,5462,Fonsecaea_erecta
Fonsecaea_monophora_gca_001642475.ASM164247v1,5348,Fonsecaea_monophora
Fonsecaea_multimorphosa_cbs_102226_gca_000836435.Fons_mult_CBS_102226_V1,5507,Fonsecaea_multimorphosa
Fonsecaea_multimorphosa_gca_001646985.ASM164698v1,5338,Fonsecaea_multimorphosa
Fonsecaea_nubica_gca_001646965.ASM164696v1,5304,Fonsecaea_nubica
Fonsecaea_pedrosoi_cbs_271_37_gca_000835455.Fons_pedr_CBS_271_37_V1,5508,Fonsecaea_pedrosoi
Fusarium_culmorum.EF1,5065,Fusarium_culmorum
Fusarium_fujikuroi.EF1,5812,Fusarium_fujikuroi
Fusarium_fujikuroi_gca_001023035.ASM102303v1,5686,Fusarium_fujikuroi
Fusarium_fujikuroi_gca_001023045.ASM102304v1,5666,Fusarium_fujikuroi
Fusarium_fujikuroi_gca_001023065.ASM102306v1,5780,Fusarium_fujikuroi
Fusarium_fujikuroi_gca_900096505.version_1,5922,Fusarium_fujikuroi
Fusarium_fujikuroi_gca_900096685.version_1,6015,Fusarium_fujikuroi
Fusarium_fujikuroi_gca_900096705.version_1,6006,Fusarium_fujikuroi
Fusarium_graminearum.RR1,5501,Fusarium_graminearum
Fusarium_graminearum_gca_000240135.ASM24013v3,5191,Fusarium_graminearum
Fusarium_graminearum_gca_000599445.CS3005v1,5347,Fusarium_graminearum
Fusarium_langsethiae_gca_001292635.ASM129263v1,5162,Fusarium_langsethiae
Fusarium_mangiferae_gca_900044065.Genome_assembly_version_1,6028,Fusarium_mangiferae
Fusarium_nygamai_gca_002894225.CS10214v1,6084,Fusarium_nygamai
Fusarium_oxysporum.FO2,6255,Fusarium_oxysporum
Fusarium_oxysporum_f_sp_conglutinans_race_2_54008_gca_000260215.FO_PHW808_V1,10278,Fusarium_oxysporum
Fusarium_oxysporum_f_sp_cubense_race_1_gca_000350345.Foc1_1.0,5595,Fusarium_oxysporum
Fusarium_oxysporum_f_sp_cubense_race_4_gca_000350365.Foc4_1.0,5236,Fusarium_oxysporum
Fusarium_oxysporum_f_sp_cubense_tropical_race_4_54006_gca_000260195.FO_II5_V1,9317,Fusarium_oxysporum
Fusarium_oxysporum_f_sp_lycopersici_4287_gca_000149955.ASM14995v2,10587,Fusarium_oxysporum
Fusarium_oxysporum_f_sp_lycopersici_mn25_gca_000259975.FO_MN25_V1,9973,Fusarium_oxysporum
Fusarium_oxysporum_f_sp_melonis_26406_gca_000260495.FO_melonis_V1,10564,Fusarium_oxysporum
Fusarium_oxysporum_f_sp_pisi_hdv247_gca_000260075.FO_HDV247_V1,10549,Fusarium_oxysporum
Fusarium_oxysporum_f_sp_radicis_cucumerinum_gca_001702695.ASM170269v2,6418,Fusarium_oxysporum
Fusarium_oxysporum_f_sp_radicis_lycopersici_26381_gca_000260155.FO_CL57_V1,9930,Fusarium_oxysporum
Fusarium_oxysporum_f_sp_raphani_54005_gca_000260235.FO_PHW815_V1,10297,Fusarium_oxysporum
Fusarium_oxysporum_f_sp_vasinfectum_25433_gca_000260175.FO_Cotton_V1,10063,Fusarium_oxysporum
Fusarium_oxysporum_fo47_gca_000271705.FO_Fo47_V1,9950,Fusarium_oxysporum
Fusarium_oxysporum_fosc_3_a_gca_000271745.FO_FOSC_3_a_V1,9690,Fusarium_oxysporum
Fusarium_oxysporum_gca_900096695.version_1,6230,Fusarium_oxysporum
Fusarium_poae_gca_001675295.FPOA1.0,6420,Fusarium_poae
Fusarium_proliferatum_et1_gca_900067095.F._proliferatum_ET1_version_1,6030,Fusarium_proliferatum
Fusarium_proliferatum_gca_900029915.F._proliferatum_NRRL62905_version_1,5770,Fusarium_proliferatum
Fusarium_pseudograminearum.GCA_000303195.1,5192,Fusarium_pseudograminearum
Fusarium_solani.v2.0,5668,Fusarium_solani
Fusarium_venenatum_gca_900007375.ASM90000737v1,5381,Fusarium_venenatum
Fusarium_verticillioides.ASM14955v1,5089,Fusarium_verticillioides
Gaeumannomyces_graminis.Gae_graminis_V2,7410,Gaeumannomyces_graminis
Galerina_marginata_cbs_339_88_gca_000697645.Galma1,6632,Galerina_marginata
Ganoderma_sinense_zz0214_1_gca_002760635.GanSi1.6,6435,Ganoderma_sinense
Gelatoporia_subvermispora_b_gca_000320605.Ceriporiopsis_subvermispora_B_v1.0,4647,Gelatoporia_subvermispora
Glarea_lozoyensis_atcc_20868_gca_000409485.GLAREA,5495,Glarea_lozoyensis
Gloeophyllum_trabeum_atcc_11539_gca_000344685.Glotr1_1,4577,Gloeophyllum_trabeum
Gonapodya_prolifera_jel478_gca_001574975.Ganpr1,5770,Gonapodya_prolifera
Grifola_frondosa_gca_001683735.ASM168373v1,5336,Grifola_frondosa
Grosmannia_clavigera_kw1407_gca_000143105.Sanger-454-IlluminaPA_2.0,4074,Grosmannia_clavigera
Gymnopus_luxurians_fd_317_m1_gca_000827265.Gymlu1,3903,Gymnopus_luxurians
Hanseniaspora_guilliermondii_gca_900119595.version_1,1150,Hanseniaspora_guilliermondii
Hanseniaspora_opuntiae_gca_001749795.ASM174979v1,1271,Hanseniaspora_opuntiae
Hanseniaspora_osmophila_gca_001747045.ASM174704v1,2085,Hanseniaspora_osmophila
Hanseniaspora_uvarum_dsm_2768_gca_000968475.Huva2.0,816,Hanseniaspora_uvarum
Hanseniaspora_uvarum_gca_001747055.ASM174705v1,1198,Hanseniaspora_uvarum
Hanseniaspora_valbyensis_nrrl_y_1626_gca_001664025.Hanva1_1,1384,Hanseniaspora_valbyensis
Hebeloma_cylindrosporum_h7_gca_000827355.Hebeloma_cylindrosporum_h7_v2.0,5135,Hebeloma_cylindrosporum
Helicocarpus_griseus_uamh5409_gca_002573585.Heli_gris_5409_V1,4733,Helicocarpus_griseus
Hepatospora_eriocheir_gca_002087875.ASM208787v1,167,Hepatospora_eriocheir
Hepatospora_eriocheir_gca_002087885.ASM208788v1,166,Hepatospora_eriocheir
Hesseltinella_vesiculosa_gca_002104935.Hesve2,3766,Hesseltinella_vesiculosa
Heterobasidion_irregulare_tc_32_1_gca_000320585.Heterobasidion_irregulare_v2.0,4810,Heterobasidion_irregulare
Hirsutella_minnesotensis_3608_gca_000956045.ASM95604v1,4109,Hirsutella_minnesotensis
Histoplasma_capsulatum_g186ar_gca_000150115.ASM15011v1,4322,Histoplasma_capsulatum
Histoplasma_capsulatum_h143_gca_000151035.ASM15103v1,4208,Histoplasma_capsulatum
Histoplasma_capsulatum_h88_gca_000151005.ASM15100v2,4333,Histoplasma_capsulatum
Histoplasma_capsulatum_nam1_gca_000149585.ASM14958v1,4393,Histoplasma_capsulatum
Hortaea_werneckii_exf_2000_gca_002127715.HwerPB1,8385,Hortaea_werneckii
Hydnomerulius_pinastri_md_312_gca_000827185.Hydpi2,2780,Hydnomerulius_pinastri
Hypholoma_sublateritium_fd_334_ss_4_gca_000827495.Hypsu1,6425,Hypholoma_sublateritium
Hyphopichia_burtonii_nrrl_y_1933_gca_001661395.Hypbu1,2056,Hyphopichia_burtonii
Hypoxylon_sp_ci_4a_gca_002120315.HypCI4A_v1.0,4804,Hypoxylon_sp
Hypoxylon_sp_co27_5_gca_002120305.HypCO275_v1.0,4720,Hypoxylon_sp
Hypoxylon_sp_ec38_gca_002120335.HypEC38_v3.0,4793,Hypoxylon_sp
Hypsizygus_marmoreus_gca_001605315.ASM160531v1,5951,Hypsizygus_marmoreus
Jaapia_argillacea_mucl_33604_gca_000697665.Jaaar1,5752,Jaapia_argillacea
Jaminaea_rosea_gca_003144245.Jamsp1,4115,Jaminaea_rosea
Kalmanozyma_brasiliensis_ghg001_gca_000497045.PSEUBRA1,3283,Kalmanozyma_brasiliensis
Kazachstania_africana_cbs_2517_gca_000304475.Ka_CBS2517,1786,Kazachstania_africana
Kazachstania_naganishii_cbs_8797_gca_000348985.ASM34898v1,2120,Kazachstania_naganishii
Kluyveromyces_dobzhanskii_cbs_2104_gca_000820885.KLDO_01,1743,Kluyveromyces_dobzhanskii
Kluyveromyces_lactis_gca_000002515.ASM251v1,1744,Kluyveromyces_lactis
Kluyveromyces_marxianus_dmku3_1042_gca_001417885.Kmar_1.0,1851,Kluyveromyces_marxianus
Kluyveromyces_marxianus_gca_001417835.KM1777_03,1887,Kluyveromyces_marxianus
Kockovaella_imperatae_gca_002102565.Kocim1,3817,Kockovaella_imperatae
Komagataella_pastoris.GCA_000027005.1,1639,Komagataella_pastoris
Komagataella_pastoris_gca_001708105.ASM170810v1,1685,Komagataella_pastoris
Komagataella_phaffii_cbs_7435_gca_000223565.PicPas_Mar2011,1709,Komagataella_phaffii
Komagataella_phaffii_cbs_7435_gca_900235035.ASM90023503v1,1724,Komagataella_phaffii
Komagataella_phaffii_gca_001708085.ASM170808v1,1693,Komagataella_phaffii
Komagataella_phaffii_gs115_gca_001746955.ASM174695v1,1692,Komagataella_phaffii
Kuraishia_capsulata_cbs_1993_gca_000576695.AUH_PRJEB4427_v1,1913,Kuraishia_capsulata
Kwoniella_bestiolae_cbs_10118_gca_000512585.Cryp_best_CBS10118_V1,4840,Kwoniella_bestiolae
Kwoniella_dejecticola_cbs_10117_gca_000512565.Cryp_deje_CBS10117_V1,4783,Kwoniella_dejecticola
Kwoniella_heveanensis_bcc8398_gca_000507405.Cryp_heve_BCC8398_V1,4766,Kwoniella_heveanensis
Kwoniella_heveanensis_cbs_569_gca_000507425.Cryp_heve_CBS569_V2,4758,Kwoniella_heveanensis
Kwoniella_mangroviensis_cbs_10435_gca_000507885.Kwon_mang_CBS10435_V2,4566,Kwoniella_mangroviensis
Kwoniella_mangroviensis_cbs_8507_gca_000507465.Kwon_mang_CBS8507_V2,4528,Kwoniella_mangroviensis
Kwoniella_mangroviensis_cbs_8886_gca_000507485.Kwon_mang_CBS8886_V1,4538,Kwoniella_mangroviensis
Kwoniella_pini_cbs_10737_gca_000512605.Cryp_pinu_CBS10737_V1,4057,Kwoniella_pini
Laccaria_amethystina_laam_08_1_gca_000827195.Laccaria_amethystina_LaAM-08-1_v1.0,6459,Laccaria_amethystina
Laccaria_bicolor_s238n_h82_gca_000143565.V1.0,5995,Laccaria_bicolor
Lachancea_dasiensis_cbs_10888_gca_900074725.LADA0,1820,Lachancea_dasiensis
Lachancea_fermentati_gca_900074765.LAFE0,1751,Lachancea_fermentati
Lachancea_lanzarotensis_gca_000938715.LALA0,1881,Lachancea_lanzarotensis
Lachancea_meyersii_cbs_8951_gca_900074715.LAME0,1835,Lachancea_meyersii
Lachancea_mirantina_gca_900074745.LAMI0,1721,Lachancea_mirantina
Lachancea_nothofagi_cbs_11611_gca_900074755.LANO0,1842,Lachancea_nothofagi
Lachancea_quebecensis_gca_002900925.ASM290092v1,1852,Lachancea_quebecensis
Lachancea_sp_cbs_6924_gca_900074735.LAFA0,1902,Lachancea_sp
Lachancea_thermotolerans_cbs_6340_gca_000142805.ASM14280v1,1895,Lachancea_thermotolerans
Laetiporus_sulphureus_93_53_gca_001632365.Laesu1,4884,Laetiporus_sulphureus
Lentinula_edodes_gca_002003045.Lened_assembly01,4477,Lentinula_edodes
Leptosphaeria_maculans.ASM23037v1,5430,Leptosphaeria_maculans
Leucoagaricus_sp_symc_cos_gca_001563735.ASM156373v1,133,Leucoagaricus_sp
Leucosporidium_creatinivorum_gca_002105055.Leucr1,4545,Leucosporidium_creatinivorum
Lichtheimia_corymbifera_jmrc_fsu_9682_gca_000723665.454Minimus,5586,Lichtheimia_corymbifera
Lichtheimia_ramosa_gca_000945115.Lramosa_hybrid_454_Illumina,5151,Lichtheimia_ramosa
Lipomyces_starkeyi_nrrl_y_11557_gca_001661325.Lipst1_1,2503,Lipomyces_starkeyi
Lobosporangium_transversale_gca_002105155.Lobtra1,5155,Lobosporangium_transversale
Lodderomyces_elongisporus_nrrl_yb_4239_gca_000149685.ASM14968v1,2686,Lodderomyces_elongisporus
Lomentospora_prolificans_gca_002276285.Lprolificans_pilon,3875,Lomentospora_prolificans
Macrophomina_phaseolina_ms6_gca_000302655.MphMS6_1.0,5393,Macrophomina_phaseolina
Madurella_mycetomatis_gca_001275765.ASM127576v2,4878,Madurella_mycetomatis
Magnaporthe_oryzae.MG8,5840,Magnaporthe_oryzae
Magnaporthe_poae.Mag_poae_ATCC_64411_V1,5649,Magnaporthe_poae
Malassezia_globosa_cbs_7966_gca_000181695.ASM18169v1,1933,Malassezia_globosa
Malassezia_pachydermatis_gca_001278385.MalaPachy,1976,Malassezia_pachydermatis
Malassezia_sympodialis_atcc_42132_gca_000349305.ASM34930v2,1443,Malassezia_sympodialis
Malassezia_sympodialis_atcc_42132_gca_900149145.Msy_ATCC_42132_Feb2016,2003,Malassezia_sympodialis
Malassezia_vespertilionis_gca_002818225.ASM281822v1,1709,Malassezia_vespertilionis
Marssonina_brunnea_f_sp_multigermtubi_mb_m1_gca_000298775.ASM29877v1,5034,Marssonina_brunnea
Meira_miltonrushii_gca_003144205.Meimi1,3798,Meira_miltonrushii
Melampsora_laricipopulina.GCA_000204055.1,7488,Melampsora_laricipopulina
Meliniomyces_bicolor_e_gca_002865645.Melbi2,6230,Meliniomyces_bicolor
Meliniomyces_variabilis_f_gca_002865655.Melva1,6720,Meliniomyces_variabilis
Metarhizium_acridum_cqma_102_gca_000187405.MetAcr_May2010,4384,Metarhizium_acridum
Metarhizium_album_arsef_1941_gca_000804445.MAM_1.0_for_version_1_of_the_Metarhizium_album_genome,4261,Metarhizium_album
Metarhizium_anisopliae_arsef_23_gca_000187425.MAA_2.0,4918,Metarhizium_anisopliae
Metarhizium_anisopliae_arsef_549_gca_000814975.MAN_1.0,4601,Metarhizium_anisopliae
Metarhizium_anisopliae_brip_53284_gca_000426985.ASM42698v1,4671,Metarhizium_anisopliae
Metarhizium_anisopliae_brip_53293_gca_000426965.ASM42696v1,4677,Metarhizium_anisopliae
Metarhizium_anisopliae_gca_000739145.Metarhizium_anisopliae,4505,Metarhizium_anisopliae
Metarhizium_brunneum_arsef_3297_gca_000814965.MBR_1.0,4585,Metarhizium_brunneum
Metarhizium_guizhouense_arsef_977_gca_000814955.MGU_1.0,5025,Metarhizium_guizhouense
Metarhizium_majus_arsef_297_gca_000814945.MAJ_1.0,4928,Metarhizium_majus
Metarhizium_rileyi_rcef_4871_gca_001636745.NOR_1.0,4159,Metarhizium_rileyi
Metarhizium_robertsii_gca_000591435.MR2010_11_27,5148,Metarhizium_robertsii
Metschnikowia_bicuspidata_var_bicuspidata_nrrl_yb_4993_gca_001664035.Metbi1,1679,Metschnikowia_bicuspidata
Meyerozyma_guilliermondii_atcc_6260_gca_000149425.ASM14942v1,2033,Meyerozyma_guilliermondii
Microbotryum_intermedium_gca_900096595.Microbotrium_Intermedium_Assembly,4256,Microbotryum_intermedium
Microbotryum_violaceum.GCA_000166175.1,4393,Microbotryum_violaceum
Microdochium_bolleyi_gca_001566295.Microdochium_bolleyi_v1.0,5707,Microdochium_bolleyi
Microsporum_canis_cbs_113480_gca_000151145.ASM15114v1,3864,Microsporum_canis
Millerozyma_farinosa_cbs_7064_gca_000315895.ASM31589v1,4219,Millerozyma_farinosa
Mitosporidium_daphniae_gca_000760515.UGP1.0,666,Mitosporidium_daphniae
Mixia_osmundae_iam_14324_gca_000241205.Mosmundae_2.0,3240,Mixia_osmundae
Mixia_osmundae_iam_14324_gca_000708205.Mixia_osmundae_v1.0,3187,Mixia_osmundae
Moelleriella_libera_rcef_2490_gca_001636675.AAL_1.0,4190,Moelleriella_libera
Moesziomyces_antarcticus_gca_000747765.ASM74776v1,2825,Moesziomyces_antarcticus
Moesziomyces_antarcticus_t_34_gca_000334475.Pant_1.0,4022,Moesziomyces_antarcticus
Moesziomyces_aphidis_dsm_70725_gca_000517465.PseuAph1.0,3572,Moesziomyces_aphidis
Moniliophthora_perniciosa_fa553_gca_000183025.ASM18302v1,2784,Moniliophthora_perniciosa
Moniliophthora_roreri_gca_001466705.ASM146670v1,6807,Moniliophthora_roreri
Moniliophthora_roreri_mca_2997_gca_000488995.M_roreri_MCA_2997_v1,6202,Moniliophthora_roreri
Mortierella_elongata_ag_77_gca_001651415.Mortierella_elongata_AG-77_v2.0,6595,Mortierella_elongata
Mortierella_verticillata_nrrl_6337_gca_000739165.Mort_vert_NRRL_6337_V1,598,Mortierella_verticillata
Mucor_ambiguus_gca_000950595.ASM95059v1,4596,Mucor_ambiguus
Mucor_circinelloides_f_circinelloides_1006phl_gca_000401635.Muco_sp_1006Ph_V1,4676,Mucor_circinelloides
Mucor_circinelloides_f_lusitanicus_cbs_277_49_gca_001638945.Mucci2,3378,Mucor_circinelloides
Mycosphaerella_eumusae_gca_001578235.ASM157823v1,5633,Mycosphaerella_eumusae
Nadsonia_fulvescens_var_elongata_dsm_6958_gca_001661315.Nadfu1,1969,Nadsonia_fulvescens
Naematelia_encephala_gca_002105065.Treen1,3959,Naematelia_encephala
Nannizzia_gypsea_cbs_118893_gca_000150975.MS_CBS118893,4114,Nannizzia_gypsea
Naumovozyma_castellii_cbs_4309_gca_000237345.ASM23734v1,2145,Naumovozyma_castellii
Naumovozyma_dairenensis_cbs_421_gca_000227115.ASM22711v2,2312,Naumovozyma_dairenensis
Nematocida_displodere_gca_001642395.ASM164239v1,470,Nematocida_displodere
Nematocida_parisii_ertm1_gca_000250985.Nema_parisii_ERTm1_V3,416,Nematocida_parisii
Nematocida_parisii_ertm3_gca_000190615.Nema_parisii_ERTm3_V1,418,Nematocida_parisii
Nematocida_sp_1_ertm2_gca_000250695.Nema_parisii_ERTm2_V1,492,Nematocida_sp
Nematocida_sp_1_ertm6_gca_000738915.Nema_sp_1_ERTm6_V2,453,Nematocida_sp
Nematocida_sp_ertm5_gca_001642415.ASM164241v1,442,Nematocida_sp
Neocallimastix_californiae_gca_002104975.Neocallimastix_sp._G1_v1.0,6617,Neocallimastix_californiae
Neofusicoccum_parvum_ucrnp2_gca_000385595.UCRNP2V3,3986,Neofusicoccum_parvum
Neolecta_irregularis_dah_3_gca_001929475.NeoIirr1.0,1705,Neolecta_irregularis
Neolentinus_lepideus_hhb14362_ss_1_gca_001632425.Neole1,4574,Neolentinus_lepideus
Neonectria_ditissima_gca_001306435.R0905_v2.0,5523,Neonectria_ditissima
Neosartorya_fischeri.ASM14964v1,4245,Neosartorya_fischeri
Neurospora_crassa.NC12,6148,Neurospora_crassa
Neurospora_crassa_gca_000786625.Neucr_trp3_1,5705,Neurospora_crassa
Neurospora_tetrasperma_fgsc_2508_gca_000213175.v2.0,5399,Neurospora_tetrasperma
Neurospora_tetrasperma_fgsc_2509_gca_000213195.v1.0,5582,Neurospora_tetrasperma
Nosema_apis_brl_01_gca_000447185.NapisBRLv01,298,Nosema_apis
Nosema_bombycis_cq1_gca_000383075.NosBomCQ1_v1.0,527,Nosema_bombycis
Nosema_ceranae_brl01_gca_000182985.ASM18298v1,123,Nosema_ceranae
Nosema_ceranae_gca_000988165.ASM98816v1,168,Nosema_ceranae
Ogataea_parapolymorpha_dl_1_gca_000187245.Hansenula_2,1634,Ogataea_parapolymorpha
Ogataea_polymorpha_gca_001664045.Hanpo2,1425,Ogataea_polymorpha
Oidiodendron_maius_zn_gca_000827325.Oidiodendron_maius_Zn_v1.0,4774,Oidiodendron_maius
Ophiocordyceps_australis_gca_002591405.OphauG2,3907,Ophiocordyceps_australis
Ophiocordyceps_australis_gca_002591415.OphauB2,3898,Ophiocordyceps_australis
Ophiocordyceps_camponoti_rufipedis_gca_002591395.Ophun1,3819,Ophiocordyceps_camponoti
Ophiocordyceps_sinensis_co18_gca_000448365.ASM44836v1,3355,Ophiocordyceps_sinensis
Ophiocordyceps_unilateralis_gca_001272575.ASM127257v2,4293,Ophiocordyceps_unilateralis
Ophiostoma_piceae_uamh_11346_gca_000410735.Opiceae_UAMHv01,4737,Ophiostoma_piceae
Ordospora_colligata_oc4_gca_000803265.ASM80326v1,140,Ordospora_colligata
Pachysolen_tannophilus_nrrl_y_2460_gca_001661245.Pacta1_2,13,Pachysolen_tannophilus
Paracoccidioides_brasiliensis_gca_001713645.ASM171364v1,4003,Paracoccidioides_brasiliensis
Paracoccidioides_brasiliensis_gca_001713695.Paracocci_br_PbCNH,4080,Paracoccidioides_brasiliensis
Paracoccidioides_brasiliensis_pb03_gca_000150475.Paracocci_br_Pb03_V2,4132,Paracoccidioides_brasiliensis
Paracoccidioides_brasiliensis_pb18_gca_000150735.Paracocci_br_Pb18_V2,4090,Paracoccidioides_brasiliensis
Paracoccidioides_sp_lutzii_pb01_gca_000150705.Paracocci_br_Pb01_V2,4176,Paracoccidioides_sp
Paramicrosporidium_saccamoebae_gca_002794465.KSL3_v6,1041,Paramicrosporidium_saccamoebae
Paraphaeosphaeria_sporulosa_gca_001642045.Parsp1,5617,Paraphaeosphaeria_sporulosa
Paxillus_involutus_atcc_200175_gca_000827475.Paxillus_involutus_ATCC_200175_v1.0,3751,Paxillus_involutus
Paxillus_rubicundulus_ve08_2h10_gca_000827395.Paxillus_rubicundulus_Ve08.2h10_v1.0,5995,Paxillus_rubicundulus
Penicilliopsis_zonata_cbs_506_65_gca_001890105.Aspzo1,3951,Penicilliopsis_zonata
Penicillium_antarcticum_gca_002072345.ASM207234v1,4541,Penicillium_antarcticum
Penicillium_arizonense_gca_001773325.ASM177332v1,4753,Penicillium_arizonense
Penicillium_brasilianum_gca_001048715.Pbras_Allpaths-LG,4790,Penicillium_brasilianum
Penicillium_brasilianum_gca_002016555.ASM201655v1,4291,Penicillium_brasilianum
Penicillium_camemberti_fm_013_gca_000513335.PCAMFM013_20131106,5116,Penicillium_camemberti
Penicillium_chrysogenum_gca_000710275.ASM71027v1,4745,Penicillium_chrysogenum
Penicillium_coprophilum_gca_002072405.ASM207240v1,3708,Penicillium_coprophilum
Penicillium_decumbens_gca_002072245.ASM207224v1,3276,Penicillium_decumbens
Penicillium_digitatum_pd1_gca_000315645.PdigPd1_v1,3694,Penicillium_digitatum
Penicillium_digitatum_phi26_gca_000315665.PdigPHI26_v1,3817,Penicillium_digitatum
Penicillium_expansum_gca_000769735.ASM76973v1,4322,Penicillium_expansum
Penicillium_expansum_gca_000769745.ASM76974v1,4315,Penicillium_expansum
Penicillium_expansum_gca_000769755.PEX1,4101,Penicillium_expansum
Penicillium_flavigenum_gca_002072365.ASM207236v1,4375,Penicillium_flavigenum
Penicillium_freii_gca_001513925.ASM151392v1,4415,Penicillium_freii
Penicillium_griseofulvum_gca_001561935.ASM156193v1,4048,Penicillium_griseofulvum
Penicillium_italicum_gca_000769765.ASM76976v1,4132,Penicillium_italicum
Penicillium_nalgiovense_gca_002072425.ASM207242v1,4880,Penicillium_nalgiovense
Penicillium_nordicum_gca_001278595.ASM127859v1,4491,Penicillium_nordicum
Penicillium_occitanis_gca_002382835.ASM238283v1,4251,Penicillium_occitanis
Penicillium_occitanis_gca_002382855.ASM238285v1,4234,Penicillium_occitanis
Penicillium_oxalicum_114_2_gca_000346795.pde_v1.0,4352,Penicillium_oxalicum
Penicillium_polonicum_gca_002072265.ASM207226v1,4250,Penicillium_polonicum
Penicillium_roqueforti_fm164_gca_000513255.PROQFM164_20130607,4437,Penicillium_roqueforti
Penicillium_rubens_wisconsin_54_1255_gca_000226395.PenChr_Nov2007,4912,Penicillium_rubens
Penicillium_solitum_gca_002072235.ASM207223v1,4632,Penicillium_solitum
Penicillium_steckii_gca_002072375.ASM207237v1,4210,Penicillium_steckii
Penicillium_subrubescens_gca_001908125.ASM190812v1,4939,Penicillium_subrubescens
Penicillium_vulpinum_gca_002072255.ASM207225v1,4061,Penicillium_vulpinum
Peniophora_sp_cont_gca_001632445.Ricme1,6466,Peniophora_sp
Periconia_macrospinosa_gca_003073855.Perma1,6509,Periconia_macrospinosa
Pestalotiopsis_fici_w106_1_gca_000516985.PFICI,5864,Pestalotiopsis_fici
Pezoloma_ericae_gca_002865625.Rhier1,5913,Pezoloma_ericae
Phaeoacremonium_minimum_ucrpa7_gca_000392275.UCRPA7V03,3281,Phaeoacremonium_minimum
Phaeomoniella_chlamydospora_gca_001006345.UCRPA7V1.0,3390,Phaeomoniella_chlamydospora
Phaeosphaeria_nodorum.ASM14691v1,5096,Phaeosphaeria_nodorum
Phanerochaete_carnosa_hhb_10118_sp_gca_000300595.Phanerochaete_carnosa_HHB-10118-Sp_v1.0,4557,Phanerochaete_carnosa
Phellinus_noxius_gca_002287475.ASM228747v1,4431,Phellinus_noxius
Phialocephala_scopiformis_gca_001500285.Phisc1,6063,Phialocephala_scopiformis
Phialocephala_subalpina_gca_900073065.PAC_version_1,7573,Phialocephala_subalpina
Phialophora_americana_gca_000835435.Capr_semi_CBS27337_V1,5675,Phialophora_americana
Phialophora_attae_gca_001299255.ASM129925v1,5486,Phialophora_attae
Phlebia_centrifuga_gca_001913855.ASM191385v2,5165,Phlebia_centrifuga
Phlebiopsis_gigantea_11061_1_cr5_6_gca_000832265.Phlgi1,4292,Phlebiopsis_gigantea
Pichia_kudriavzevii_gca_000764455.ASM76445v1,2291,Pichia_kudriavzevii
Pichia_kudriavzevii_gca_001983325.ASM198332v1,1808,Pichia_kudriavzevii
Pichia_kudriavzevii_gca_002166775.Cand_krus_Ckrusei653_V21,1797,Pichia_kudriavzevii
Pichia_kudriavzevii_gca_003054445.ASM305444v1,1798,Pichia_kudriavzevii
Pichia_membranifaciens_gca_001950575.P_membrenifaciens-1.0,1887,Pichia_membranifaciens
Pichia_membranifaciens_nrrl_y_2026_gca_001661235.Picme2,1901,Pichia_membranifaciens
Piloderma_croceum_f_1598_gca_000827315.Piloderma_croceum_F_1598_v1.0,6062,Piloderma_croceum
Piromyces_finnis_gca_002104945.Piromyces_sp._finnis_v3.0,3742,Piromyces_finnis
Piromyces_sp_e2_gca_002157105.PirspE2_v1.0,4025,Piromyces_sp
Pisolithus_microcarpus_441_gca_000827275.Pisolithus_microcarpus_441_v1.0,5441,Pisolithus_microcarpus
Pisolithus_tinctorius_marx_270_gca_000827335.Pisolithus_tinctorius_Marx_270_v1.0,6460,Pisolithus_tinctorius
Pleurotus_ostreatus_pc15_gca_000697685.PleosPC15_2,4457,Pleurotus_ostreatus
Plicaturopsis_crispa_fd_325_ss_3_gca_000827205.Plicr1,1081,Plicaturopsis_crispa
Pneumocystis_carinii_b80_gca_001477545.Pneu_cari_B80_V3,683,Pneumocystis_carinii
Pneumocystis_jirovecii_ru7_gca_001477535.Pneu_jiro_RU7_V2,714,Pneumocystis_jirovecii
Pneumocystis_murina_b123_gca_000349005.Pneumo_murina_B123_V4,541,Pneumocystis_murina
Pochonia_chlamydosporia_170_gca_001653235.ASM165323v2,5305,Pochonia_chlamydosporia
Podospora_anserina_s_mat__gca_000226545.ASM22654v1,5067,Podospora_anserina
Polytolypa_hystricis_uamh7299_gca_002573605.Poly_hyst_7299_V1,4600,Polytolypa_hystricis
Postia_placenta_mad_698_r_gca_000006255.Postia_placenta_V1.0,3932,Postia_placenta
Postia_placenta_mad_698_r_sb12_gca_002117355.PosplRSB12_1,4912,Postia_placenta
Protomyces_lactucaedebilis_gca_002105105.Prola1,2239,Protomyces_lactucaedebilis
Pseudocercospora_fijiensis_cirad86_gca_000340215.Mycfi2,4950,Pseudocercospora_fijiensis
Pseudocercospora_musae_gca_001578225.ASM157822v1,5646,Pseudocercospora_musae
Pseudogymnoascus_destructans_20631_21_gca_000184105.Geom_destructans_V1,4462,Pseudogymnoascus_destructans
Pseudogymnoascus_destructans_gca_001641265.ASM164126v1,4594,Pseudogymnoascus_destructans
Pseudogymnoascus_sp_03vt05_gca_001662645.ASM166264v1,4425,Pseudogymnoascus_sp
Pseudogymnoascus_sp_05ny08_gca_001662605.ASM166260v1,4590,Pseudogymnoascus_sp
Pseudogymnoascus_sp_23342_1_i1_gca_001662575.ASM166257v1,4633,Pseudogymnoascus_sp
Pseudogymnoascus_sp_24mn13_gca_001662595.ASM166259v1,4310,Pseudogymnoascus_sp
Pseudogymnoascus_sp_vkm_f_103_gca_000750895.DG30,4439,Pseudogymnoascus_sp
Pseudogymnoascus_sp_vkm_f_3557_gca_000750665.DG3,4150,Pseudogymnoascus_sp
Pseudogymnoascus_sp_vkm_f_3775_gca_000750715.DG4,3673,Pseudogymnoascus_sp
Pseudogymnoascus_sp_vkm_f_3808_gca_000750675.DG1,4353,Pseudogymnoascus_sp
Pseudogymnoascus_sp_vkm_f_4246_gca_000750735.DG5,3987,Pseudogymnoascus_sp
Pseudogymnoascus_sp_vkm_f_4281_fw_2241__gca_000750745.DG6,4187,Pseudogymnoascus_sp
Pseudogymnoascus_sp_vkm_f_4513_fw_928__gca_000750755.DG7,4091,Pseudogymnoascus_sp
Pseudogymnoascus_sp_vkm_f_4514_fw_929__gca_000750795.DG8,3969,Pseudogymnoascus_sp
Pseudogymnoascus_sp_vkm_f_4515_fw_2607__gca_000750805.DG10,4732,Pseudogymnoascus_sp
Pseudogymnoascus_sp_vkm_f_4516_fw_969__gca_000750815.DG11,4364,Pseudogymnoascus_sp
Pseudogymnoascus_sp_vkm_f_4517_fw_2822__gca_000750875.DG13,4791,Pseudogymnoascus_sp
Pseudogymnoascus_sp_vkm_f_4518_fw_2643__gca_000750925.DG36,5100,Pseudogymnoascus_sp
Pseudogymnoascus_sp_vkm_f_4519_fw_2642__gca_000750935.DG38,4666,Pseudogymnoascus_sp
Pseudogymnoascus_sp_vkm_f_4520_fw_2644__gca_000750995.DG39,4901,Pseudogymnoascus_sp
Pseudogymnoascus_sp_wsf_3629_gca_001662585.ASM166258v1,4722,Pseudogymnoascus_sp
Pseudogymnoascus_verrucosus_gca_001662655.ASM166265v1,4536,Pseudogymnoascus_verrucosus
Pseudoloma_neurophilia_gca_001432165.ASM143216v1,579,Pseudoloma_neurophilia
Pseudomassariella_vexata_gca_002105095.Pseve2,4672,Pseudomassariella_vexata
Pseudomicrostroma_glucosiphilum_gca_003144135.Rhodsp1,3969,Pseudomicrostroma_glucosiphilum
Pseudozyma_hubeiensis_sy62_gca_000403515.ASM40351v1,4103,Pseudozyma_hubeiensis
Puccinia_coronata_var_avenae_f_sp_avenae_gca_002873275.ASM287327v1,14487,Puccinia_coronata
Puccinia_graminis.ASM14992v1,7886,Puccinia_graminis
Puccinia_graminisug99.v1,11913,Puccinia_graminisug99
Puccinia_sorghi_gca_001263375.ASM126337v1,6062,Puccinia_sorghi
Puccinia_striiformis.PST-130_1.0,7417,Puccinia_striiformis
Puccinia_striiformis_f_sp_tritici_pst_78_gca_001191645.P_striiformis_V1,9596,Puccinia_striiformis
Puccinia_striiformis_gca_002920065.ASM292006v1,7298,Puccinia_striiformis
Puccinia_triticina.ASM15152v1,6314,Puccinia_triticina
Punctularia_strigosozonata_hhb_11173_ss5_gca_000264995.Punctularia_strigosozonata_v1.0,762,Punctularia_strigosozonata
Purpureocillium_lilacinum_gca_001653205.ASM165320v1,5402,Purpureocillium_lilacinum
Purpureocillium_lilacinum_gca_001653265.ASM165326v1,5431,Purpureocillium_lilacinum
Purpureocillium_lilacinum_gca_003144605.ASM314460v1,7839,Purpureocillium_lilacinum
Pyrenochaeta_sp_ds3say3a_gca_001644535.Pyrsp1,5663,Pyrenochaeta_sp
Pyrenophora_teres.GCA_000166005.1,5343,Pyrenophora_teres
Pyrenophora_tritici_repentis_gca_003171545.PtrARCrossB10,5096,Pyrenophora_tritici
Pyrenophora_tritici_repentis_gca_003231325.Ptr134,4961,Pyrenophora_tritici
Pyrenophora_tritici_repentis_gca_003231365.Ptr239,5006,Pyrenophora_tritici
Pyrenophora_tritici_repentis_gca_003231425.Ptr86-124,5249,Pyrenophora_tritici
Pyrenophora_triticirepentis.ASM14998v1,5430,Pyrenophora_triticirepentis
Rachicladosporium_antarcticum_gca_002077065.ASM207706v1,9140,Rachicladosporium_antarcticum
Rachicladosporium_sp_ccfee_5018_gca_002077045.ASM207704v2,9026,Rachicladosporium_sp
Ramularia_collo_cygni_gca_900074925.version_1,5193,Ramularia_collo
Rasamsonia_emersonii_cbs_393_64_gca_000968595.ASM96859v1,4705,Rasamsonia_emersonii
Rhinocladiella_mackenziei_cbs_650_93_gca_000835555.Rhin_mack_CBS_650_93_V1,4912,Rhinocladiella_mackenziei
Rhizoclosmatium_globosum_gca_002104985.Rhihy1,5095,Rhizoclosmatium_globosum
Rhizoctonia_solani_123e_gca_000715385.Rhizoctonia_solani_123E_v1,4472,Rhizoctonia_solani
Rhizoctonia_solani_ag_1_ia_gca_000334115.Rhisol_AG1IA_1.0,3813,Rhizoctonia_solani
Rhizoctonia_solani_ag_1_ib_gca_000350255.ASM35025v1,4763,Rhizoctonia_solani
Rhizoctonia_solani_ag_3_rhs1ap_gca_000524645.Rhizoctonia_solani_AG-3,5250,Rhizoctonia_solani
Rhizoctonia_solani_ag_8_wac10335_gca_000695385.RSAG8-1.V1,4856,Rhizoctonia_solani
Rhizoctonia_solani_gca_001286725.AG22IIIB,5291,Rhizoctonia_solani
Rhizophagus_clarus_gca_003203555.RclarusHR1_1.0,6541,Rhizophagus_clarus
Rhizophagus_irregularis_daom_181602_daom_197198_gca_002897155.Rir_HGAP_ii_V2,10281,Rhizophagus_irregularis
Rhizophagus_irregularis_daom_181602_gca_000439145.ASM43914v3,5068,Rhizophagus_irregularis
Rhizophagus_irregularis_daom_197198w_gca_000597685.Rir,6768,Rhizophagus_irregularis
Rhizophagus_irregularis_gca_001593125.ASM159312v1,5447,Rhizophagus_irregularis
Rhizophagus_irregularis_gca_001593145.ASM159314v1,5851,Rhizophagus_irregularis
Rhizophagus_irregularis_gca_001593155.ASM159315v1,5451,Rhizophagus_irregularis
Rhizophagus_irregularis_gca_001593205.ASM159320v1,5561,Rhizophagus_irregularis
Rhizopogon_vesiculosus_gca_001882365.Rves_AM-OR11-056_1.0,4677,Rhizopogon_vesiculosus
Rhizopogon_vinicolor_am_or11_026_gca_001658105.Rhivi1,4148,Rhizopogon_vinicolor
Rhizopus_delemar_ra_99_880_gca_000149305.RO3,4493,Rhizopus_delemar
Rhizopus_microsporus_atcc_52813_gca_002708625.Rhimi1_1,2897,Rhizopus_microsporus
Rhizopus_microsporus_gca_000825725.Rmicro_CBS_344.29_Allpaths-LG,5992,Rhizopus_microsporus
Rhizopus_microsporus_gca_002083735.Rhimi_ATCC11559_1,2966,Rhizopus_microsporus
Rhizopus_microsporus_gca_900000135.RMATCC62417_Allpaths-LG,6981,Rhizopus_microsporus
Rhizopus_microsporus_var_microsporus_gca_002083745.Rhimi_ATCC52814_1,3017,Rhizopus_microsporus
Rhodotorula_graminis_wp1_gca_001329695.Rhoba1_1,3866,Rhodotorula_graminis
Rhodotorula_sp_jg_1b_gca_001541205.Rhosp1,3366,Rhodotorula_sp
Rhodotorula_taiwanensis_gca_002922495.ASM292249v1,4017,Rhodotorula_taiwanensis
Rhodotorula_toruloides_atcc_204091_gca_000222205.R.glutinis2,1806,Rhodotorula_toruloides
Rhodotorula_toruloides_gca_001255795.IFO0880_HGAP3_v1,4256,Rhodotorula_toruloides
Rhodotorula_toruloides_np11_gca_000320785.RHOziaDV1.0,4644,Rhodotorula_toruloides
Rhynchosporium_agropyri_gca_900074905.version_1,5275,Rhynchosporium_agropyri
Rhynchosporium_commune_gca_900074885.version_1,5045,Rhynchosporium_commune
Rhynchosporium_secalis_gca_900074895.version_1,5162,Rhynchosporium_secalis
Rosellinia_necatrix_gca_001445595.Rnecatrix_2.0,5490,Rosellinia_necatrix
Rozella_allomycis_csf55_gca_000442015.Rozella_k41_t100,1174,Rozella_allomycis
Rutstroemia_sp_njr_2017a_bbw_gca_002946425.ASM294642v1,4160,Rutstroemia_sp
Rutstroemia_sp_njr_2017a_bvv2_gca_002946415.ASM294641v1,3859,Rutstroemia_sp
Rutstroemia_sp_njr_2017a_wrk4_gca_002946385.ASM294638v1,4609,Rutstroemia_sp
Saccharomyces_arboricola_h_6_gca_000292725.SacArb1.0,1414,Saccharomyces_arboricola
Saccharomyces_cerevisiae.R64-1-1,2117,Saccharomyces_cerevisiae
Saccharomyces_cerevisiae_cen_pk113_7d_gca_000269885.ASM26988v1,2037,Saccharomyces_cerevisiae
Saccharomyces_cerevisiae_ec1118_gca_000218975.ASM21897v1,1947,Saccharomyces_cerevisiae
Saccharomyces_cerevisiae_fostersb_gca_000190255.ScFostersB_v01,1119,Saccharomyces_cerevisiae
Saccharomyces_cerevisiae_fosterso_gca_000326005.ScFostersO_v01,1037,Saccharomyces_cerevisiae
Saccharomyces_cerevisiae_gca_001634645.GLBRCY22-3,2144,Saccharomyces_cerevisiae
Saccharomyces_cerevisiae_gca_001983315.ASM198331v1,1970,Saccharomyces_cerevisiae
Saccharomyces_cerevisiae_gca_002804325.ASM280432v1,2063,Saccharomyces_cerevisiae
Saccharomyces_cerevisiae_kyokai_no_7_gca_000260735.K7_1.0,2101,Saccharomyces_cerevisiae
Saccharomyces_cerevisiae_lalvin_qa23_gca_000325965.ScQA23_v01,1221,Saccharomyces_cerevisiae
Saccharomyces_cerevisiae_p283_gca_000568295.P283,1574,Saccharomyces_cerevisiae
Saccharomyces_cerevisiae_p301_gca_000568055.p301,1650,Saccharomyces_cerevisiae
Saccharomyces_cerevisiae_r103_gca_000568365.R103,1792,Saccharomyces_cerevisiae
Saccharomyces_cerevisiae_rm11_1a_gca_000149365.ASM14936v1,1943,Saccharomyces_cerevisiae
Saccharomyces_cerevisiae_vin13_gca_000190215.ScVIN13_v01,1221,Saccharomyces_cerevisiae
Saccharomyces_cerevisiae_vl3_gca_000190235.ScVL3_v01,1228,Saccharomyces_cerevisiae
Saccharomyces_cerevisiae_x_saccharomyces_kudriavzevii_vin7_gca_000326105.ASM32610v1,3089,Saccharomyces_cerevisiae
Saccharomyces_cerevisiae_yjm1078_gca_000975645.Sc_YJM1078_v1,2010,Saccharomyces_cerevisiae
Saccharomyces_cerevisiae_yjm1083_gca_000975675.Sc_YJM1083_v1,2019,Saccharomyces_cerevisiae
Saccharomyces_cerevisiae_yjm1129_gca_000975705.Sc_YJM1129_v1,2027,Saccharomyces_cerevisiae
Saccharomyces_cerevisiae_yjm1133_gca_000976695.Sc_YJM1133_v1,1965,Saccharomyces_cerevisiae
Saccharomyces_cerevisiae_yjm1190_gca_000976725.Sc_YJM1190_v1,2018,Saccharomyces_cerevisiae
Saccharomyces_cerevisiae_yjm1199_gca_000976755.Sc_YJM1199_v1,2031,Saccharomyces_cerevisiae
Saccharomyces_cerevisiae_yjm1202_gca_000976785.Sc_YJM1202_v1,2005,Saccharomyces_cerevisiae
Saccharomyces_cerevisiae_yjm1208_gca_000976815.Sc_YJM1208_v1,2006,Saccharomyces_cerevisiae
Saccharomyces_cerevisiae_yjm1242_gca_000976845.Sc_YJM1242_v1,2000,Saccharomyces_cerevisiae
Saccharomyces_cerevisiae_yjm1244_gca_000976875.Sc_YJM1244_v1,1978,Saccharomyces_cerevisiae
Saccharomyces_cerevisiae_yjm1248_gca_000976905.Sc_YJM1248_v1,1989,Saccharomyces_cerevisiae
Saccharomyces_cerevisiae_yjm1250_gca_000976935.Sc_YJM1250_v1,1968,Saccharomyces_cerevisiae
Saccharomyces_cerevisiae_yjm1252_gca_000976965.Sc_YJM1252_v1,2002,Saccharomyces_cerevisiae
Saccharomyces_cerevisiae_yjm1273_gca_000976995.Sc_YJM1273_v1,2050,Saccharomyces_cerevisiae
Saccharomyces_cerevisiae_yjm1304_gca_000977025.Sc_YJM1304_v1,2006,Saccharomyces_cerevisiae
Saccharomyces_cerevisiae_yjm1307_gca_000977055.Sc_YJM1307_v1,2005,Saccharomyces_cerevisiae
Saccharomyces_cerevisiae_yjm1311_gca_000977085.Sc_YJM1311_v1,2024,Saccharomyces_cerevisiae
Saccharomyces_cerevisiae_yjm1326_gca_000977115.Sc_YJM1326_v1,2014,Saccharomyces_cerevisiae
Saccharomyces_cerevisiae_yjm1332_gca_000977145.Sc_YJM1332_v1,2034,Saccharomyces_cerevisiae
Saccharomyces_cerevisiae_yjm1336_gca_000977175.Sc_YJM1336_v1,2010,Saccharomyces_cerevisiae
Saccharomyces_cerevisiae_yjm1338_gca_000977205.Sc_YJM1338_v1,2020,Saccharomyces_cerevisiae
Saccharomyces_cerevisiae_yjm1341_gca_000977235.Sc_YJM1341_v1,2021,Saccharomyces_cerevisiae
Saccharomyces_cerevisiae_yjm1342_gca_000977265.Sc_YJM1342_v1,2021,Saccharomyces_cerevisiae
Saccharomyces_cerevisiae_yjm1355_gca_000977295.Sc_YJM1355_v1,2005,Saccharomyces_cerevisiae
Saccharomyces_cerevisiae_yjm1356_gca_000977325.Sc_YJM1356_v1,2026,Saccharomyces_cerevisiae
Saccharomyces_cerevisiae_yjm1381_gca_000977355.Sc_YJM1381_v1,2031,Saccharomyces_cerevisiae
Saccharomyces_cerevisiae_yjm1383_gca_000977385.Sc_YJM1383_v1,2017,Saccharomyces_cerevisiae
Saccharomyces_cerevisiae_yjm1385_gca_000977415.Sc_YJM1385_v1,2029,Saccharomyces_cerevisiae
Saccharomyces_cerevisiae_yjm1386_gca_000977445.Sc_YJM1386_v1,2005,Saccharomyces_cerevisiae
Saccharomyces_cerevisiae_yjm1387_gca_000977475.Sc_YJM1387_v1,2034,Saccharomyces_cerevisiae
Saccharomyces_cerevisiae_yjm1388_gca_000977505.Sc_YJM1388_v1,2014,Saccharomyces_cerevisiae
Saccharomyces_cerevisiae_yjm1389_gca_000977535.Sc_YJM1389_v1,2014,Saccharomyces_cerevisiae
Saccharomyces_cerevisiae_yjm1399_gca_000977565.Sc_YJM1399_v1,1957,Saccharomyces_cerevisiae
Saccharomyces_cerevisiae_yjm1400_gca_000977595.Sc_YJM1400_v1,2028,Saccharomyces_cerevisiae
Saccharomyces_cerevisiae_yjm1401_gca_000977625.Sc_YJM1401_v1,2009,Saccharomyces_cerevisiae
Saccharomyces_cerevisiae_yjm1402_gca_000977655.Sc_YJM1402_v1,2034,Saccharomyces_cerevisiae
Saccharomyces_cerevisiae_yjm1415_gca_000977685.Sc_YJM1415_v1,2023,Saccharomyces_cerevisiae
Saccharomyces_cerevisiae_yjm1417_gca_000977715.Sc_YJM1417_v1,2018,Saccharomyces_cerevisiae
Saccharomyces_cerevisiae_yjm1418_gca_000977745.Sc_YJM1418_v1,2031,Saccharomyces_cerevisiae
Saccharomyces_cerevisiae_yjm1419_gca_000977775.Sc_YJM1419_v1,2009,Saccharomyces_cerevisiae
Saccharomyces_cerevisiae_yjm1433_gca_000977805.Sc_YJM1433_v1,2002,Saccharomyces_cerevisiae
Saccharomyces_cerevisiae_yjm1434_gca_000977835.Sc_YJM1434_v1,2050,Saccharomyces_cerevisiae
Saccharomyces_cerevisiae_yjm1439_gca_000977865.Sc_YJM1439_v1,2016,Saccharomyces_cerevisiae
Saccharomyces_cerevisiae_yjm1443_gca_000977895.Sc_YJM1443_v1,1980,Saccharomyces_cerevisiae
Saccharomyces_cerevisiae_yjm1444_gca_000977925.Sc_YJM1444_v1,2002,Saccharomyces_cerevisiae
Saccharomyces_cerevisiae_yjm1447_gca_000977955.Sc_YJM1447_v1,1940,Saccharomyces_cerevisiae
Saccharomyces_cerevisiae_yjm1450_gca_000977985.Sc_YJM1450_v1,2003,Saccharomyces_cerevisiae
Saccharomyces_cerevisiae_yjm1460_gca_000978015.Sc_YJM1460_v1,2007,Saccharomyces_cerevisiae
Saccharomyces_cerevisiae_yjm1463_gca_000978045.Sc_YJM1463_v1,2002,Saccharomyces_cerevisiae
Saccharomyces_cerevisiae_yjm1477_gca_000978075.Sc_YJM1477_v1,2011,Saccharomyces_cerevisiae
Saccharomyces_cerevisiae_yjm1478_gca_000978105.Sc_YJM1478_v1,2006,Saccharomyces_cerevisiae
Saccharomyces_cerevisiae_yjm1479_gca_000978135.Sc_YJM1479_v1,2026,Saccharomyces_cerevisiae
Saccharomyces_cerevisiae_yjm1526_gca_000978165.Sc_YJM1526_v1,1977,Saccharomyces_cerevisiae
Saccharomyces_cerevisiae_yjm1527_gca_000978195.Sc_YJM1527_v1,2009,Saccharomyces_cerevisiae
Saccharomyces_cerevisiae_yjm1549_gca_000978225.Sc_YJM1549_v1,2032,Saccharomyces_cerevisiae
Saccharomyces_cerevisiae_yjm1573_gca_000978255.Sc_YJM1573_v1,2031,Saccharomyces_cerevisiae
Saccharomyces_cerevisiae_yjm1574_gca_000978285.Sc_YJM1574_v1,1992,Saccharomyces_cerevisiae
Saccharomyces_cerevisiae_yjm1592_gca_000978315.Sc_YJM1592_v1,2023,Saccharomyces_cerevisiae
Saccharomyces_cerevisiae_yjm1615_gca_000978345.Sc_YJM1615_v1,2020,Saccharomyces_cerevisiae
Saccharomyces_cerevisiae_yjm189_gca_000975735.Sc_YJM189_v1,2020,Saccharomyces_cerevisiae
Saccharomyces_cerevisiae_yjm193_gca_000975765.Sc_YJM193_v1,2001,Saccharomyces_cerevisiae
Saccharomyces_cerevisiae_yjm195_gca_000975585.Sc_YJM195_v1,2032,Saccharomyces_cerevisiae
Saccharomyces_cerevisiae_yjm244_gca_000975615.Sc_YJM244_v1,1975,Saccharomyces_cerevisiae
Saccharomyces_cerevisiae_yjm248_gca_000975795.Sc_YJM248_v1,1989,Saccharomyces_cerevisiae
Saccharomyces_cerevisiae_yjm270_gca_000975825.Sc_YJM270_v1,2026,Saccharomyces_cerevisiae
Saccharomyces_cerevisiae_yjm271_gca_000975855.Sc_YJM271_v1,1981,Saccharomyces_cerevisiae
Saccharomyces_cerevisiae_yjm320_gca_000975885.Sc_YJM320_v1,2000,Saccharomyces_cerevisiae
Saccharomyces_cerevisiae_yjm326_gca_000975915.Sc_YJM326_v1,2015,Saccharomyces_cerevisiae
Saccharomyces_cerevisiae_yjm428_gca_000975945.Sc_YJM428_v1,2005,Saccharomyces_cerevisiae
Saccharomyces_cerevisiae_yjm450_gca_000975975.Sc_YJM450_v1,2026,Saccharomyces_cerevisiae
Saccharomyces_cerevisiae_yjm451_gca_000976005.Sc_YJM451_v1,2020,Saccharomyces_cerevisiae
Saccharomyces_cerevisiae_yjm453_gca_000976035.Sc_YJM453_v1,2001,Saccharomyces_cerevisiae
Saccharomyces_cerevisiae_yjm456_gca_000976065.Sc_YJM456_v1,2050,Saccharomyces_cerevisiae
Saccharomyces_cerevisiae_yjm470_gca_000976095.Sc_YJM470_v1,2011,Saccharomyces_cerevisiae
Saccharomyces_cerevisiae_yjm541_gca_000976125.Sc_YJM541_v1,2013,Saccharomyces_cerevisiae
Saccharomyces_cerevisiae_yjm554_gca_000976155.Sc_YJM554_v1,1994,Saccharomyces_cerevisiae
Saccharomyces_cerevisiae_yjm555_gca_000976185.Sc_YJM555_v1,2034,Saccharomyces_cerevisiae
Saccharomyces_cerevisiae_yjm627_gca_000976215.Sc_YJM627_v1,2031,Saccharomyces_cerevisiae
Saccharomyces_cerevisiae_yjm681_gca_000976245.Sc_YJM681_v1,2015,Saccharomyces_cerevisiae
Saccharomyces_cerevisiae_yjm682_gca_000976275.Sc_YJM682_v1,2037,Saccharomyces_cerevisiae
Saccharomyces_cerevisiae_yjm683_gca_000976305.Sc_YJM683_v1,2032,Saccharomyces_cerevisiae
Saccharomyces_cerevisiae_yjm689_gca_000976335.Sc_YJM689_v1,1997,Saccharomyces_cerevisiae
Saccharomyces_cerevisiae_yjm693_gca_000976365.Sc_YJM693_v1,1996,Saccharomyces_cerevisiae
Saccharomyces_cerevisiae_yjm789_gca_000181435.ASM18143v1,2157,Saccharomyces_cerevisiae
Saccharomyces_cerevisiae_yjm969_gca_000976395.Sc_YJM969_v1,2022,Saccharomyces_cerevisiae
Saccharomyces_cerevisiae_yjm972_gca_000976425.Sc_YJM972_v1,2013,Saccharomyces_cerevisiae
Saccharomyces_cerevisiae_yjm975_gca_000976455.Sc_YJM975_v1,2015,Saccharomyces_cerevisiae
Saccharomyces_cerevisiae_yjm978_gca_000976485.Sc_YJM978_v1,2020,Saccharomyces_cerevisiae
Saccharomyces_cerevisiae_yjm981_gca_000976515.Sc_YJM981_v1,2031,Saccharomyces_cerevisiae
Saccharomyces_cerevisiae_yjm984_gca_000976545.Sc_YJM984_v1,2008,Saccharomyces_cerevisiae
Saccharomyces_cerevisiae_yjm987_gca_000976575.Sc_YJM987_v1,2027,Saccharomyces_cerevisiae
Saccharomyces_cerevisiae_yjm990_gca_000976605.Sc_YJM990_v1,1985,Saccharomyces_cerevisiae
Saccharomyces_cerevisiae_yjm993_gca_000662435.Sc_YJM993_v1,2029,Saccharomyces_cerevisiae
Saccharomyces_cerevisiae_yjm996_gca_000976665.Sc_YJM996_v1,2034,Saccharomyces_cerevisiae
Saccharomyces_eubayanus_gca_001298625.SEUB3.0,2096,Saccharomyces_eubayanus
Saccharomyces_kudriavzevii_ifo_1802_gca_000167075.Saccharomyces_kudriavzevii_strain_IFO1802_v1.0,1247,Saccharomyces_kudriavzevii
Saccharomyces_sp_boulardii__gca_001298375.ASM129837v2,2130,Saccharomyces_sp
Saccharomyces_sp_boulardii__gca_001413975.ASM141397v1,2131,Saccharomyces_sp
Saccharomycetaceae_sp_ashbya_aceri__gca_000412225.ASM41222v2,1649,Saccharomycetaceae_sp
Saitoella_complicata_nrrl_y_17804_gca_000227095.Scomplicata_3.0,3435,Saitoella_complicata
Saitoella_complicata_nrrl_y_17804_gca_001661265.Saico1,2813,Saitoella_complicata
Scedosporium_apiospermum_gca_000732125.ScApio1.0,3735,Scedosporium_apiospermum
Scheffersomyces_stipitis_cbs_6054_gca_000209165.ASM20916v1,1905,Scheffersomyces_stipitis
Schizophyllum_commune_h4_8_gca_000143185.v1.0,5655,Schizophyllum_commune
Schizopora_paradoxa_gca_001020605.Schpa1,5691,Schizopora_paradoxa
Schizosaccharomyces_cryophilus.GCA_000004155.2,1705,Schizosaccharomyces_cryophilus
Schizosaccharomyces_japonicus.GCA_000149845.2,1617,Schizosaccharomyces_japonicus
Schizosaccharomyces_octosporus.GCA_000150505.2,1693,Schizosaccharomyces_octosporus
Schizosaccharomyces_pombe.ASM294v2,1476,Schizosaccharomyces_pombe
Scleroderma_citrinum_foug_a_gca_000827425.Scleroderma_citrinum_Foug_A_v1.0,5648,Scleroderma_citrinum
Sclerotinia_borealis_f_4128_gca_000503235.SBOR_1,4956,Sclerotinia_borealis
Sclerotinia_sclerotiorum.ASM14694v1,3539,Sclerotinia_sclerotiorum
Sclerotinia_sclerotiorum_1980_uf_70_gca_001857865.ASM185786v1,4948,Sclerotinia_sclerotiorum
Serendipita_indica_dsm_11827_gca_000313545.ASM31354v1,4920,Serendipita_indica
Serendipita_vermifera_maff_305830_gca_000827415.Sebacina_vermifera_MAFF_305830_v1.0,5389,Serendipita_vermifera
Serpula_lacrymans_var_lacrymans_s7_3_gca_000218725.v1.0,4366,Serpula_lacrymans
Serpula_lacrymans_var_lacrymans_s7_9_gca_000218685.v1.0,4079,Serpula_lacrymans
Sistotremastrum_niveocremeum_hhb9708_gca_001630475.Sisni1,4804,Sistotremastrum_niveocremeum
Sistotremastrum_suecicum_hhb10207_ss_3_gca_001632355.Sissu1,4844,Sistotremastrum_suecicum
Sordaria_macrospora_k_hell_gca_000182805.ASM18280v2,5616,Sordaria_macrospora
Spathaspora_passalidarum_nrrl_y_27907_gca_000223485.Spathaspora_passalidarum_v2.0,2023,Spathaspora_passalidarum
Sphaerobolus_stellatus_ss14_gca_000827215.Sphst1,7047,Sphaerobolus_stellatus
Sphaerulina_musiva_so2202_gca_000320565.Septoria_musiva_SO2202_v1.0,4749,Sphaerulina_musiva
Spizellomyces_punctatus_daom_br117_gca_000182565.S_punctatus_V1,4469,Spizellomyces_punctatus
Sporisorium_reilianum.GCA_000230245.1,3948,Sporisorium_reilianum
Sporisorium_reilianum_f_sp_reilianum_gca_900162835.version_2,3966,Sporisorium_reilianum
Sporothrix_brasiliensis_5110_gca_000820605.S_brasiliensis_5110_v1,5055,Sporothrix_brasiliensis
Sporothrix_insectorum_rcef_264_gca_001636815.SPI_1.0,5272,Sporothrix_insectorum
Sporothrix_schenckii_1099_18_gca_000961545.S_schenckii_v1,5633,Sporothrix_schenckii
Sporothrix_schenckii_atcc_58251_gca_000474925.Spor_sche_ATCC58251_V1,4780,Sporothrix_schenckii
Spraguea_lophii_42_110_gca_000430065.Sprlop1.0,377,Spraguea_lophii
Stachybotrys_chartarum_ibt_40288_gca_000732765.S40288v1,4945,Stachybotrys_chartarum
Stachybotrys_chartarum_ibt_40293_gca_000732565.S40293v1,5014,Stachybotrys_chartarum
Stachybotrys_chartarum_ibt_7711_gca_000730325.S7711v1,5032,Stachybotrys_chartarum
Stachybotrys_chlorohalonata_ibt_40285_gca_000732775.S40285v1,4687,Stachybotrys_chlorohalonata
Stagonospora_sp_src1lsm3a_gca_001644525.Stasp1,5576,Stagonospora_sp
Stemphylium_lycopersici_gca_001191545.ASM119154v1,4738,Stemphylium_lycopersici
Stereum_hirsutum_fp_91666_ss1_gca_000264905.Stehi1,662,Stereum_hirsutum
Sugiyamaella_lignohabitans_gca_001640025.ASM164002v2,2355,Sugiyamaella_lignohabitans
Suhomyces_tanzawaensis_nrrl_y_17324_gca_001661415.Canta1,1891,Suhomyces_tanzawaensis
Suillus_luteus_uh_slu_lm8_n1_gca_000827255.Suilu1,4928,Suillus_luteus
Syncephalastrum_racemosum_gca_002105135.Synrac1,4264,Syncephalastrum_racemosum
Talaromyces_atroroseus_gca_001907595.ASM190759v1,4042,Talaromyces_atroroseus
Talaromyces_cellulolyticus_gca_000829775.TcelY94_1.0,498,Talaromyces_cellulolyticus
Talaromyces_islandicus_gca_000985935.PIS,4199,Talaromyces_islandicus
Talaromyces_marneffei_atcc_18224_gca_000001985.JCVI-PMFA1-2.0,4496,Talaromyces_marneffei
Talaromyces_marneffei_pm1_gca_000750115.ASM75011v1,5718,Talaromyces_marneffei
Talaromyces_stipitatus_atcc_10500_gca_000003125.JCVI-TSTA1-3.0,5079,Talaromyces_stipitatus
Termitomyces_sp_j132_gca_001263195.TerJ1321.0,3762,Termitomyces_sp
Testicularia_cyperi_gca_003144125.Tescy1,3865,Testicularia_cyperi
Tetrapisispora_blattae_cbs_6284_gca_000315915.ASM31591v1,2271,Tetrapisispora_blattae
Tetrapisispora_phaffii_cbs_4417_gca_000236905.ASM23690v1,1794,Tetrapisispora_phaffii
Thermothelomyces_thermophila_atcc_42464_gca_000226095.ASM22609v1,4815,Thermothelomyces_thermophila
Thielavia_terrestris_nrrl_8126_gca_000226115.ASM22611v1,4887,Thielavia_terrestris
Thielaviopsis_punctulata_gca_000968615.ASM96861v1,2540,Thielaviopsis_punctulata
Tilletia_caries_gca_001645005.ASM164500v1,6059,Tilletia_caries
Tilletia_controversa_gca_001645045.ASM164504v1,5994,Tilletia_controversa
Tilletia_indica_gca_001645015.ASM164501v1,5965,Tilletia_indica
Tilletia_walkeri_gca_001645055.ASM164505v1,4907,Tilletia_walkeri
Tilletiaria_anomala_ubc_951_gca_000711695.Tilletiaria_anomala_UBC_951_v1.0,3429,Tilletiaria_anomala
Tilletiopsis_washingtonensis_gca_003144115.Tilwa1,3972,Tilletiopsis_washingtonensis
Tolypocladium_capitatum_gca_002901185.ASM290118v1,4134,Tolypocladium_capitatum
Tolypocladium_ophioglossoides_cbs_100239_gca_001189435.Tophv1.0,4572,Tolypocladium_ophioglossoides
Tolypocladium_paradoxum_gca_002916505.ASM291650v1,4473,Tolypocladium_paradoxum
Torrubiella_hemipterigena_gca_000825705.Allpaths-LG,4468,Torrubiella_hemipterigena
Tortispora_caseinolytica_nrrl_y_17796_gca_001661475.Canca1,1253,Tortispora_caseinolytica
Torulaspora_delbrueckii_gca_000243375.ASM24337v1,1755,Torulaspora_delbrueckii
Trachipleistophora_hominis_gca_000316135.ASM31613v1,566,Trachipleistophora_hominis
Trametes_cinnabarina_gca_000765035.BN946,4984,Trametes_cinnabarina
Trametes_coccinea_brfm310_gca_002092935.Pycco1,5362,Trametes_coccinea
Trametes_pubescens_gca_001895945.ASM189594v1,6341,Trametes_pubescens
Trametes_versicolor_fp_101664_ss1_gca_000271585.Trametes_versicolor_v1.0,412,Trametes_versicolor
Tremella_mesenterica_dsm_1558_gca_000271645.Treme1,776,Tremella_mesenterica
Trichoderma_asperellum_cbs_433_97_gca_003025105.Trias_v._1.0,4483,Trichoderma_asperellum
Trichoderma_atroviride_imi_206040_gca_000171015.TRIAT_v2.0,4220,Trichoderma_atroviride
Trichoderma_citrinoviride_gca_003025115.Trici_v4.0,4234,Trichoderma_citrinoviride
Trichoderma_gamsii_gca_001481775.TGAM01v2,4469,Trichoderma_gamsii
Trichoderma_guizhouense_gca_002022785.ASM202278v1,4455,Trichoderma_guizhouense
Trichoderma_harzianum_cbs_226_95_gca_003025095.Allpaths-LG_v._01_03_12,4755,Trichoderma_harzianum
Trichoderma_harzianum_gca_000988865.ASM98886v1,4669,Trichoderma_harzianum
Trichoderma_harzianum_gca_002838845.ASM283884v1,4688,Trichoderma_harzianum
Trichoderma_harzianum_gca_002894145.Tr1,4554,Trichoderma_harzianum
Trichoderma_longibrachiatum_atcc_18648_gca_003025155.Trilo3,4531,Trichoderma_longibrachiatum
Trichoderma_parareesei_gca_001050175.Tpara_v1.0,4245,Trichoderma_parareesei
Trichoderma_reesei.GCA_000167675.2,3922,Trichoderma_reesei
Trichoderma_reesei_rut_c_30_gca_000513815.TrireRUTC30_1,4185,Trichoderma_reesei
Trichoderma_virens.ASM17099v1,4297,Trichoderma_virens
Trichophyton_benhamiae_cbs_112371_gca_000151125.ASM15112v2,4035,Trichophyton_benhamiae
Trichophyton_equinum_cbs_127_97_gca_000151175.ASM15117v1,4062,Trichophyton_equinum
Trichophyton_interdigitale_h6_gca_000616785.Tric_rubr_H6_V2,4031,Trichophyton_interdigitale
Trichophyton_interdigitale_mr816_gca_000622975.Tric_inte_MR816_V1,3961,Trichophyton_interdigitale
Trichophyton_mentagrophytes_gca_003118255.ABySS_70bp_45k_152cov_v1,3865,Trichophyton_mentagrophytes
Trichophyton_rubrum_cbs_100081_gca_000616805.Tric_fish_CBS_100081_V1,4645,Trichophyton_rubrum
Trichophyton_rubrum_cbs_118892_gca_000151425.ASM15142v1,4433,Trichophyton_rubrum
Trichophyton_rubrum_cbs_202_88_gca_000616985.Tric_raub_CBS_202_88_V2,4743,Trichophyton_rubrum
Trichophyton_rubrum_cbs_288_86_gca_000616825.Tric_fish_CBS_288_86_V1,4643,Trichophyton_rubrum
Trichophyton_rubrum_cbs_289_86_gca_000616845.Tric_kane_CBS_289_86_V1,4626,Trichophyton_rubrum
Trichophyton_rubrum_cbs_735_88_gca_000616965.Tric_megn_CBS_735_88_V1,4525,Trichophyton_rubrum
Trichophyton_rubrum_d6_gca_000622995.Tric_rubr_D6_V1,4651,Trichophyton_rubrum
Trichophyton_rubrum_gca_001651445.CMCC_F_T1i,3736,Trichophyton_rubrum
Trichophyton_rubrum_mr1448_gca_000616905.Tric_rubr_M1448_V1,4665,Trichophyton_rubrum
Trichophyton_rubrum_mr1459_gca_000616945.Tric_rubr_MR1459_V1,4559,Trichophyton_rubrum
Trichophyton_rubrum_mr850_gca_000616765.Tric_rubr_MR-850_V1,4658,Trichophyton_rubrum
Trichophyton_soudanense_cbs_452_61_gca_000616865.Tric_soud_CBS_452_61_V1,4645,Trichophyton_soudanense
Trichophyton_tonsurans_cbs_112818_gca_000151455.ASM15145v1,3996,Trichophyton_tonsurans
Trichophyton_verrucosum_hki_0517_gca_000151505.ASM15150v1,4024,Trichophyton_verrucosum
Trichophyton_violaceum_gca_001651435.CMCC_F_T3l,3541,Trichophyton_violaceum
Trichosporon_asahii_var_asahii_cbs_2479_gca_000293215.Trichosporon_asahii_1,4748,Trichosporon_asahii
Trichosporon_asahii_var_asahii_cbs_8904_gca_000299215.ASM29921v2,4835,Trichosporon_asahii
Tsuchiyaea_wingfieldii_cbs_7118_gca_001720155.Tsuc_wing_CBS7118_V1,4361,Tsuchiyaea_wingfieldii
Tuber_borchii_gca_003070745.Tubbor1,4923,Tuber_borchii
Tuber_magnatum_gca_003182015.ASM318201v1,3925,Tuber_magnatum
Tuber_melanosporum.ASM15164v1,3317,Tuber_melanosporum
Tulasnella_calospora_mut_4182_gca_000827465.Tulasnella_calospora_AL13_4D_v1.0,6718,Tulasnella_calospora
Umbilicaria_pustulata_gca_900169345.Lasallia_pustulata_v1,3965,Umbilicaria_pustulata
Uncinocarpus_reesii_1704_gca_000003515.ASM351v2,3658,Uncinocarpus_reesii
Ustilaginoidea_virens_gca_000687475.Assembly_for_version_1_of_the_Villosiclava_virens_genome,4382,Ustilaginoidea_virens
Ustilaginoidea_virens_gca_000965225.ASM96522v2,3109,Ustilaginoidea_virens
Ustilaginomycotina_sp_sa_807_gca_003144235.Ustsp1,4446,Ustilaginomycotina_sp
Ustilago_bromivora_gca_900080155.UBRO_v3,4098,Ustilago_bromivora
Ustilago_hordei_gca_000286035.ASM28603v1,4089,Ustilago_hordei
Ustilago_maydis.Umaydis521_2.0,3759,Ustilago_maydis
Valsa_mali_gca_000818155.ASM81815v1,5331,Valsa_mali
Valsa_mali_var_pyri_gca_000813385.ASM81338v1,5074,Valsa_mali
Vanderwaltozyma_polyspora_dsm_70294_gca_000150035.ASM15003v1,1905,Vanderwaltozyma_polyspora
Vavraia_culicis_subsp_floridensis_gca_000192795.Vavr_culi_floridensis_V1,523,Vavraia_culicis
Verruconis_gallopava_gca_000836295.O_gall_CBS43764,4984,Verruconis_gallopava
Verticillium_alfalfae_vams_102_gca_000150825.ASM15082v1,4800,Verticillium_alfalfae
Verticillium_dahliae.ASM15067v2,5012,Verticillium_dahliae
Verticillium_dahliae_gca_002892985.ASM289298v1,4914,Verticillium_dahliae
Verticillium_dahliae_gca_002892995.ASM289299v1,4586,Verticillium_dahliae
Verticillium_dahliae_gca_002893025.ASM289302v1,4739,Verticillium_dahliae
Verticillium_dahliae_gca_002893035.ASM289303v1,4743,Verticillium_dahliae
Verticillium_dahliae_gca_002893045.ASM289304v1,4600,Verticillium_dahliae
Verticillium_dahliaejr2.VDAG_JR2v.4.0,5327,Verticillium_dahliaejr2
Verticillium_longisporum_gca_001268145.vl1.denovo.v1,9249,Verticillium_longisporum
Verticillium_longisporum_gca_001268165.vl2.denovo.v1,9116,Verticillium_longisporum
Vittaforma_corneae_atcc_50505_gca_000231115.Vitt_corn_V1,209,Vittaforma_corneae
Wallemia_ichthyophaga_exf_994_gca_000400465.Wallemia_ichthyophaga_version_1.0,2300,Wallemia_ichthyophaga
Wallemia_mellicola_cbs_633_66_gca_000263375.Wallemia_sebi_v1.0,1900,Wallemia_mellicola
Wickerhamiella_sorbophila_gca_002251995.ASM225199v2,1559,Wickerhamiella_sorbophila
Wickerhamomyces_anomalus_nrrl_y_366_8_gca_001661255.Wican1,1944,Wickerhamomyces_anomalus
Wickerhamomyces_ciferrii_gca_000313485.ASM31348v1,2570,Wickerhamomyces_ciferrii
Wolfiporia_cocos_md_104_ss10_gca_000344635.Wolco1,4871,Wolfiporia_cocos
Xanthophyllomyces_dendrorhous_gca_001007165.Xden1,3324,Xanthophyllomyces_dendrorhous
Xylona_heveae_tc161_gca_001619985.Xylona_heveae_TC161_v1.0,4023,Xylona_heveae
Yarrowia_lipolytica.GCA_000002525.1,2768,Yarrowia_lipolytica
Yarrowia_lipolytica_gca_001761485.ASM176148v1,2967,Yarrowia_lipolytica
Yarrowia_lipolytica_gca_900087985.YALIA101,2744,Yarrowia_lipolytica
Zygosaccharomyces_bailii_clib_213_gca_000442885.ZYBA0,1713,Zygosaccharomyces_bailii
Zygosaccharomyces_bailii_gca_900162805.version_1,1834,Zygosaccharomyces_bailii
Zygosaccharomyces_bailii_isa1307_gca_000530735.Z_bailii_ISA1307_version_3,3532,Zygosaccharomyces_bailii
Zygosaccharomyces_parabailii_gca_001984395.ASM198439v2,3609,Zygosaccharomyces_parabailii
Zygosaccharomyces_rouxii_gca_000026365.ASM2636v1,1978,Zygosaccharomyces_rouxii
Zygosaccharomyces_rouxii_gca_001972345.ZYGR_assembly01,3923,Zygosaccharomyces_rouxii
Zymoseptoria_brevis_gca_000966595.ASM96659v1,5198,Zymoseptoria_brevis
Zymoseptoria_tritici.MG2,4553,Zymoseptoria_tritici
Zymoseptoria_tritici_st99ch_1a5_gca_900099495.ZT1A5_complete_assembly,5830,Zymoseptoria_tritici
Zymoseptoria_tritici_st99ch_1e4_gca_900184115.ST99CH_1E4,5753,Zymoseptoria_tritici
Zymoseptoria_tritici_st99ch_3d1_gca_900184105.ST99CH_3D1,5768,Zymoseptoria_tritici
Zymoseptoria_tritici_st99ch_3d7_gca_900091695.Zt_ST99CH_3D7,5394,Zymoseptoria_tritici
_candida_arabinofermentans_nrrl_yb_2248_gca_001661425.Canar1,1939,_candida_arabinofermentans
_candida_auris_gca_001189475.ASM118947v1,1993,_candida_auris
_candida_auris_gca_002759435.Cand_auris_B8441_V2,2144,_candida_auris
_candida_auris_gca_002775015.Cand_auris_B11221_V1,2172,_candida_auris
_candida_auris_gca_003013715.Cand_auris_B11220,2131,_candida_auris
_candida_auris_gca_003014415.Cand_auris_B11243,2153,_candida_auris
_candida_duobushaemulonis_gca_002926085.CanDuoHae_v1.0,2134,_candida_duobushaemulonis
_candida_glabrata_gca_000002545.ASM254v2,1972,_candida_glabrata
_candida_glabrata_gca_001466525.ASM146652v1,2019,_candida_glabrata
_candida_glabrata_gca_001466535.ASM146653v1,1994,_candida_glabrata
_candida_glabrata_gca_001466565.ASM146656v1,2044,_candida_glabrata
_candida_glabrata_gca_001466575.ASM146657v1,2035,_candida_glabrata
_candida_glabrata_gca_001466635.ASM146663v1,2314,_candida_glabrata
_candida_glabrata_gca_001466685.ASM146668v1,2047,_candida_glabrata
_candida_glabrata_gca_002219185.ASM221918v1,2015,_candida_glabrata
_candida_glabrata_gca_002219195.ASM221919v1,2019,_candida_glabrata
_candida_haemulonis_gca_002926055.CanHae_1.0,2231,_candida_haemulonis
_candida_intermedia_gca_900106115.CBS_141442_assembly,1895,_candida_intermedia
_candida_intermedia_gca_900106125.PYCC_4715_assembly,1916,_candida_intermedia
_candida_pseudohaemulonis_gca_003013735.Cand_pseudohaemulonii_B12108,1930,_candida_pseudohaemulonis
_candida_tenuis_atcc_10573_gca_000223465.Candida_tenuis_v1.0,1860,_candida_tenuis
